bin,packets,z_score,state
0.0,3,-0.08838803045864445,baseline
30.0,1,-0.08913223005081453,baseline
60.0,1,-0.08913223005081453,baseline
70.0,4,-0.08801593066255942,baseline
80.0,2,-0.0887601302547295,baseline
90.0,2,-0.0887601302547295,baseline
100.0,1,-0.08913223005081453,baseline
110.0,2,-0.0887601302547295,baseline
120.0,2,-0.0887601302547295,baseline
130.0,1,-0.08913223005081453,baseline
150.0,1,-0.08913223005081453,baseline
180.0,1,-0.08913223005081453,baseline
200.0,3,-0.08838803045864445,baseline
210.0,2,-0.0887601302547295,baseline
220.0,1,-0.08913223005081453,baseline
230.0,2,-0.0887601302547295,baseline
240.0,2,-0.0887601302547295,baseline
250.0,1,-0.08913223005081453,baseline
260.0,1,-0.08913223005081453,baseline
270.0,1,-0.08913223005081453,baseline
300.0,1,-0.08913223005081453,baseline
330.0,4,-0.08801593066255942,baseline
340.0,2,-0.0887601302547295,baseline
350.0,1,-0.08913223005081453,baseline
360.0,2,-0.0887601302547295,baseline
370.0,1,-0.08913223005081453,baseline
380.0,3,-0.08838803045864445,baseline
390.0,8,-0.08652753147821927,baseline
420.0,1,-0.08913223005081453,baseline
450.0,2,-0.0887601302547295,baseline
460.0,3,-0.08838803045864445,baseline
470.0,1,-0.08913223005081453,baseline
480.0,2,-0.0887601302547295,baseline
490.0,1,-0.08913223005081453,baseline
500.0,1,-0.08913223005081453,baseline
510.0,2,-0.0887601302547295,baseline
520.0,1,-0.08913223005081453,baseline
540.0,1,-0.08913223005081453,baseline
570.0,1,-0.08913223005081453,baseline
580.0,1,-0.08913223005081453,baseline
590.0,3,-0.08838803045864445,baseline
600.0,2,-0.0887601302547295,baseline
610.0,1,-0.08913223005081453,baseline
620.0,1,-0.08913223005081453,baseline
630.0,2,-0.0887601302547295,baseline
640.0,2,-0.0887601302547295,baseline
660.0,1,-0.08913223005081453,baseline
690.0,1,-0.08913223005081453,baseline
710.0,2,-0.0887601302547295,baseline
720.0,352,0.04147479837503313,baseline
730.0,918,0.25208328295916355,baseline
740.0,2580,0.8705131440524935,baseline
750.0,33684,12.444305201481455,burst
760.0,36209,13.38385718659617,burst
770.0,31573,11.658802531945943,burst
780.0,35157,12.992408201114714,burst
790.0,34614,12.790358011840539,burst
800.0,28326,10.450594494057832,burst
810.0,33922,12.532864952949694,burst
820.0,35429,13.093619345649843,burst
830.0,35236,13.021804085005432,burst
840.0,33544,12.39221123002955,burst
850.0,22688,8.352695843730398,burst
860.0,215,-0.009502873688616811,baseline
870.0,18,-0.08280653351736891,baseline
880.0,4,-0.08801593066255942,baseline
890.0,1,-0.08913223005081453,baseline
900.0,2,-0.0887601302547295,baseline
910.0,9,-0.08615543168213424,baseline
920.0,7,-0.0868996312743043,baseline
930.0,5,-0.08764383086647438,baseline
940.0,3,-0.08838803045864445,baseline
950.0,59,-0.06755044187788244,baseline
960.0,157,-0.0310846618615489,baseline
970.0,220,-0.007642374708191631,baseline
980.0,3,-0.08838803045864445,baseline
990.0,3,-0.08838803045864445,baseline
1000.0,1,-0.08913223005081453,baseline
1010.0,158,-0.030712562065463866,baseline
1020.0,62,-0.06643414248962733,baseline
1030.0,24,-0.0805739347408587,baseline
1040.0,1,-0.08913223005081453,baseline
1050.0,9,-0.08615543168213424,baseline
1080.0,5,-0.08764383086647438,baseline
1100.0,3,-0.08838803045864445,baseline
1110.0,5,-0.08764383086647438,baseline
1120.0,2,-0.0887601302547295,baseline
1130.0,1,-0.08913223005081453,baseline
1140.0,5,-0.08764383086647438,baseline
1150.0,121,-0.0444802545206102,baseline
1160.0,1,-0.08913223005081453,baseline
1170.0,1,-0.08913223005081453,baseline
1180.0,4,-0.08801593066255942,baseline
1190.0,3,-0.08838803045864445,baseline
1200.0,1,-0.08913223005081453,baseline
1210.0,3,-0.08838803045864445,baseline
1220.0,54,-0.06941094085830761,baseline
1230.0,79,-0.060108445956181714,baseline
1240.0,102,-0.05155015064622588,baseline
1250.0,1,-0.08913223005081453,baseline
1260.0,2,-0.0887601302547295,baseline
1270.0,5,-0.08764383086647438,baseline
1280.0,186,-0.020293767775082856,baseline
1290.0,8,-0.08652753147821927,baseline
1300.0,176,-0.024014765735933218,baseline
1310.0,249,0.003148519378274414,baseline
1320.0,65,-0.06531784310137222,baseline
1330.0,52,-0.07015514045047769,baseline
1340.0,139,-0.03778245819107955,baseline
1350.0,268,0.0102184155038901,baseline
1360.0,5,-0.08764383086647438,baseline
1370.0,2,-0.0887601302547295,baseline
1380.0,171,-0.025875264716358398,baseline
1390.0,151,-0.03331726063805912,baseline
1400.0,3,-0.08838803045864445,baseline
1410.0,146,-0.0351777596184843,baseline
1440.0,5,-0.08764383086647438,baseline
1450.0,30,-0.07834133596434847,baseline
1460.0,2,-0.0887601302547295,baseline
1470.0,4,-0.08801593066255942,baseline
1480.0,2,-0.0887601302547295,baseline
1490.0,2,-0.0887601302547295,baseline
1500.0,3,-0.08838803045864445,baseline
1510.0,3,-0.08838803045864445,baseline
1520.0,55,-0.06903884106222258,baseline
1530.0,2,-0.0887601302547295,baseline
1540.0,4,-0.08801593066255942,baseline
1560.0,1,-0.08913223005081453,baseline
1570.0,3,-0.08838803045864445,baseline
1580.0,122,-0.044108154724525166,baseline
1590.0,1,-0.08913223005081453,baseline
1610.0,7,-0.0868996312743043,baseline
1620.0,57,-0.0682946414700525,baseline
1630.0,18,-0.08280653351736891,baseline
1640.0,5,-0.08764383086647438,baseline
1650.0,5,-0.08764383086647438,baseline
1660.0,1,-0.08913223005081453,baseline
1670.0,4,-0.08801593066255942,baseline
1680.0,1,-0.08913223005081453,baseline
1700.0,4,-0.08801593066255942,baseline
1710.0,2,-0.0887601302547295,baseline
1730.0,3,-0.08838803045864445,baseline
1740.0,4,-0.08801593066255942,baseline
1750.0,1,-0.08913223005081453,baseline
1760.0,4,-0.08801593066255942,baseline
1770.0,3,-0.08838803045864445,baseline
1780.0,1,-0.08913223005081453,baseline
1790.0,3,-0.08838803045864445,baseline
1800.0,134,-0.039642957171504734,baseline
1810.0,137,-0.038526657783249624,baseline
1820.0,159,-0.03034046226937883,baseline
1830.0,8,-0.08652753147821927,baseline
1840.0,128,-0.041875555948014946,baseline
1850.0,3,-0.08838803045864445,baseline
1860.0,3,-0.08838803045864445,baseline
1870.0,7,-0.0868996312743043,baseline
1880.0,2,-0.0887601302547295,baseline
1890.0,2,-0.0887601302547295,baseline
1900.0,4,-0.08801593066255942,baseline
1910.0,1,-0.08913223005081453,baseline
1920.0,102,-0.05155015064622588,baseline
1930.0,17,-0.08317863331345395,baseline
1940.0,2,-0.0887601302547295,baseline
1950.0,3,-0.08838803045864445,baseline
1960.0,5,-0.08764383086647438,baseline
1980.0,1,-0.08913223005081453,baseline
1990.0,1,-0.08913223005081453,baseline
2000.0,7,-0.0868996312743043,baseline
2010.0,6,-0.08727173107038934,baseline
2020.0,1,-0.08913223005081453,baseline
2030.0,4,-0.08801593066255942,baseline
2040.0,2,-0.0887601302547295,baseline
2050.0,1,-0.08913223005081453,baseline
2060.0,4,-0.08801593066255942,baseline
2070.0,4,-0.08801593066255942,baseline
2090.0,3,-0.08838803045864445,baseline
2100.0,1,-0.08913223005081453,baseline
2120.0,4,-0.08801593066255942,baseline
2130.0,4,-0.08801593066255942,baseline
2140.0,1,-0.08913223005081453,baseline
2150.0,4,-0.08801593066255942,baseline
2160.0,2,-0.0887601302547295,baseline
2170.0,2,-0.0887601302547295,baseline
2180.0,4,-0.08801593066255942,baseline
2190.0,5,-0.08764383086647438,baseline
2200.0,4,-0.08801593066255942,baseline
2210.0,3,-0.08838803045864445,baseline
2220.0,41,-0.07424823820741308,baseline
2230.0,20,-0.08206233392519884,baseline
2240.0,14,-0.08429493270170905,baseline
2250.0,6,-0.08727173107038934,baseline
2260.0,2,-0.0887601302547295,baseline
2270.0,5,-0.08764383086647438,baseline
2280.0,2,-0.0887601302547295,baseline
2290.0,2,-0.0887601302547295,baseline
2300.0,4,-0.08801593066255942,baseline
2310.0,3,-0.08838803045864445,baseline
2330.0,3,-0.08838803045864445,baseline
2340.0,1,-0.08913223005081453,baseline
2350.0,2,-0.0887601302547295,baseline
2370.0,1,-0.08913223005081453,baseline
2380.0,7,-0.0868996312743043,baseline
2390.0,1,-0.08913223005081453,baseline
2400.0,3,-0.08838803045864445,baseline
2410.0,4,-0.08801593066255942,baseline
2420.0,33,-0.07722503657609338,baseline
2430.0,2,-0.0887601302547295,baseline
2440.0,4,-0.08801593066255942,baseline
2460.0,1,-0.08913223005081453,baseline
2470.0,3,-0.08838803045864445,baseline
2490.0,1,-0.08913223005081453,baseline
2500.0,3,-0.08838803045864445,baseline
2510.0,3,-0.08838803045864445,baseline
2520.0,3,-0.08838803045864445,baseline
2530.0,62,-0.06643414248962733,baseline
2540.0,12,-0.08503913229387913,baseline
2550.0,5,-0.08764383086647438,baseline
2560.0,1,-0.08913223005081453,baseline
2570.0,5,-0.08764383086647438,baseline
2580.0,1,-0.08913223005081453,baseline
2600.0,5,-0.08764383086647438,baseline
2610.0,258,0.006497417543039738,baseline
2620.0,110,-0.0485733522775456,baseline
2630.0,339,0.03663750102592766,baseline
2640.0,332,0.03403280245333241,baseline
2650.0,1,-0.08913223005081453,baseline
2660.0,217,-0.008758674096446739,baseline
2670.0,281,0.015055712852995567,baseline
2680.0,1,-0.08913223005081453,baseline
2690.0,1,-0.08913223005081453,baseline
2700.0,5,-0.08764383086647438,baseline
2730.0,4,-0.08801593066255942,baseline
2760.0,4,-0.08801593066255942,baseline
2770.0,52,-0.07015514045047769,baseline
2780.0,377,0.050777293277159026,baseline
2790.0,321,0.02993970469639701,baseline
2800.0,251,0.0038927189704444864,baseline
2810.0,316,0.02807920571597183,baseline
2820.0,150,-0.03368936043414415,baseline
2830.0,261,0.007613716931294847,baseline
2840.0,173,-0.025131065124188324,baseline
2850.0,116,-0.04634075350103538,baseline
2860.0,188,-0.019549568182912785,baseline
2870.0,314,0.027335006123801756,baseline
2880.0,256,0.0057532179508696666,baseline
2890.0,278,0.013939413464740459,baseline
2900.0,256,0.0057532179508696666,baseline
2910.0,224,-0.006153975523851487,baseline
2920.0,126,-0.04261975554018502,baseline
2930.0,1,-0.08913223005081453,baseline
2940.0,3,-0.08838803045864445,baseline
2950.0,5,-0.08764383086647438,baseline
2970.0,288,0.01766041142559082,baseline
2980.0,258,0.006497417543039738,baseline
2990.0,181,-0.022154266755508037,baseline
3000.0,216,-0.009130773892531776,baseline
3010.0,203,-0.013968071241637244,baseline
3020.0,104,-0.05080595105405581,baseline
3030.0,354,0.0422189979672032,baseline
3040.0,298,0.02138140938644118,baseline
3050.0,187,-0.01992166797899782,baseline
3060.0,174,-0.02475896532810329,baseline
3070.0,271,0.011334714892145208,baseline
3080.0,270,0.01096261509606017,baseline
3090.0,267,0.009846315707805062,baseline
3100.0,189,-0.01917746838682775,baseline
3120.0,1,-0.08913223005081453,baseline
3130.0,107,-0.04968965166580071,baseline
3140.0,307,0.024730307551206504,baseline
3150.0,54,-0.06941094085830761,baseline
3160.0,1,-0.08913223005081453,baseline
3170.0,3,-0.08838803045864445,baseline
3180.0,5,-0.08764383086647438,baseline
3190.0,1,-0.08913223005081453,baseline
3200.0,1,-0.08913223005081453,baseline
3210.0,5,-0.08764383086647438,baseline
3220.0,66,-0.06494574330528718,baseline
3240.0,4,-0.08801593066255942,baseline
3270.0,5,-0.08764383086647438,baseline
3280.0,3,-0.08838803045864445,baseline
3290.0,2,-0.0887601302547295,baseline
3300.0,5,-0.08764383086647438,baseline
3310.0,1,-0.08913223005081453,baseline
3320.0,1,-0.08913223005081453,baseline
3330.0,5,-0.08764383086647438,baseline
3340.0,3,-0.08838803045864445,baseline
3360.0,1,-0.08913223005081453,baseline
3370.0,4,-0.08801593066255942,baseline
3390.0,4,-0.08801593066255942,baseline
3400.0,3,-0.08838803045864445,baseline
3410.0,4,-0.08801593066255942,baseline
3420.0,2,-0.0887601302547295,baseline
3430.0,63,-0.0660620426935423,baseline
3440.0,2,-0.0887601302547295,baseline
3450.0,5,-0.08764383086647438,baseline
3460.0,4,-0.08801593066255942,baseline
3470.0,2,-0.0887601302547295,baseline
3480.0,1,-0.08913223005081453,baseline
3490.0,3,-0.08838803045864445,baseline
3510.0,1,-0.08913223005081453,baseline
3520.0,40,-0.07462033800349811,baseline
3530.0,1,-0.08913223005081453,baseline
3540.0,4,-0.08801593066255942,baseline
3550.0,4,-0.08801593066255942,baseline
3560.0,1,-0.08913223005081453,baseline
3570.0,2,-0.0887601302547295,baseline
3580.0,172,-0.025503164920273363,baseline
3590.0,294,0.019893010202101036,baseline
3600.0,4348,1.528385583530837,burst
3630.0,5,-0.08764383086647438,baseline
3660.0,5,-0.08764383086647438,baseline
3670.0,3,-0.08838803045864445,baseline
3680.0,1,-0.08913223005081453,baseline
3690.0,5,-0.08764383086647438,baseline
3700.0,1,-0.08913223005081453,baseline
3710.0,2,-0.0887601302547295,baseline
3720.0,9,-0.08615543168213424,baseline
3730.0,58,-0.06792254167396747,baseline
3740.0,11,-0.08541123208996416,baseline
3750.0,8,-0.08652753147821927,baseline
3770.0,1,-0.08913223005081453,baseline
3780.0,4,-0.08801593066255942,baseline
3790.0,2,-0.0887601302547295,baseline
3800.0,2,-0.0887601302547295,baseline
3810.0,5,-0.08764383086647438,baseline
3820.0,2,-0.0887601302547295,baseline
3830.0,159,-0.03034046226937883,baseline
3840.0,226,-0.005409775931681415,baseline
3850.0,146,-0.0351777596184843,baseline
3860.0,86,-0.05750374738358646,baseline
3870.0,1,-0.08913223005081453,baseline
3890.0,6,-0.08727173107038934,baseline
3900.0,6,-0.08727173107038934,baseline
3920.0,53,-0.06978304065439266,baseline
3930.0,2,-0.0887601302547295,baseline
3940.0,1,-0.08913223005081453,baseline
3950.0,6,-0.08727173107038934,baseline
3960.0,2,-0.0887601302547295,baseline
3970.0,1,-0.08913223005081453,baseline
3980.0,6,-0.08727173107038934,baseline
3990.0,7,-0.0868996312743043,baseline
4010.0,6,-0.08727173107038934,baseline
4020.0,1,-0.08913223005081453,baseline
4030.0,61,-0.06680624228571236,baseline
4040.0,24,-0.0805739347408587,baseline
4050.0,7,-0.0868996312743043,baseline
4060.0,1,-0.08913223005081453,baseline
4070.0,6,-0.08727173107038934,baseline
4080.0,2,-0.0887601302547295,baseline
4090.0,1,-0.08913223005081453,baseline
4100.0,4,-0.08801593066255942,baseline
4110.0,2,-0.0887601302547295,baseline
4120.0,1,-0.08913223005081453,baseline
4130.0,6,-0.08727173107038934,baseline
4140.0,1,-0.08913223005081453,baseline
4160.0,3,-0.08838803045864445,baseline
4170.0,1,-0.08913223005081453,baseline
4180.0,3,-0.08838803045864445,baseline
4190.0,4,-0.08801593066255942,baseline
4200.0,3,-0.08838803045864445,baseline
4210.0,1,-0.08913223005081453,baseline
4220.0,40,-0.07462033800349811,baseline
4230.0,2,-0.0887601302547295,baseline
4240.0,1,-0.08913223005081453,baseline
4250.0,3,-0.08838803045864445,baseline
4260.0,1,-0.08913223005081453,baseline
4280.0,3,-0.08838803045864445,baseline
4290.0,5,-0.08764383086647438,baseline
4310.0,4,-0.08801593066255942,baseline
4320.0,6,-0.08727173107038934,baseline
4330.0,60,-0.0671783420817974,baseline
4340.0,12,-0.08503913229387913,baseline
4350.0,8,-0.08652753147821927,baseline
4360.0,2,-0.0887601302547295,baseline
4370.0,1,-0.08913223005081453,baseline
4380.0,4,-0.08801593066255942,baseline
4400.0,1,-0.08913223005081453,baseline
4410.0,4,-0.08801593066255942,baseline
4430.0,2,-0.0887601302547295,baseline
4440.0,6,-0.08727173107038934,baseline
4450.0,1,-0.08913223005081453,baseline
4460.0,1,-0.08913223005081453,baseline
4470.0,6,-0.08727173107038934,baseline
4480.0,1,-0.08913223005081453,baseline
4490.0,1,-0.08913223005081453,baseline
4500.0,4,-0.08801593066255942,baseline
4520.0,41,-0.07424823820741308,baseline
4530.0,4,-0.08801593066255942,baseline
4550.0,1,-0.08913223005081453,baseline
4560.0,7,-0.0868996312743043,baseline
4570.0,1,-0.08913223005081453,baseline
4580.0,1,-0.08913223005081453,baseline
4590.0,6,-0.08727173107038934,baseline
4600.0,1,-0.08913223005081453,baseline
4610.0,1,-0.08913223005081453,baseline
4620.0,5,-0.08764383086647438,baseline
4630.0,58,-0.06792254167396747,baseline
4640.0,1,-0.08913223005081453,baseline
4650.0,7,-0.0868996312743043,baseline
4660.0,1,-0.08913223005081453,baseline
4680.0,4,-0.08801593066255942,baseline
4690.0,3,-0.08838803045864445,baseline
4700.0,2,-0.0887601302547295,baseline
4710.0,6,-0.08727173107038934,baseline
4720.0,1,-0.08913223005081453,baseline
4730.0,109,-0.04894545207363063,baseline
4740.0,286,0.01691621183342075,baseline
4750.0,341,0.03738170061809773,baseline
4760.0,2,-0.0887601302547295,baseline
4770.0,1,-0.08913223005081453,baseline
4790.0,4,-0.08801593066255942,baseline
4800.0,1,-0.08913223005081453,baseline
4820.0,41,-0.07424823820741308,baseline
4830.0,3,-0.08838803045864445,baseline
4840.0,1,-0.08913223005081453,baseline
4850.0,4,-0.08801593066255942,baseline
4860.0,2,-0.0887601302547295,baseline
4870.0,1,-0.08913223005081453,baseline
4880.0,4,-0.08801593066255942,baseline
4890.0,3,-0.08838803045864445,baseline
4900.0,6,-0.08727173107038934,baseline
4910.0,3,-0.08838803045864445,baseline
4920.0,1,-0.08913223005081453,baseline
4930.0,59,-0.06755044187788244,baseline
4940.0,26,-0.07982973514868863,baseline
4950.0,8,-0.08652753147821927,baseline
4960.0,1,-0.08913223005081453,baseline
4970.0,4,-0.08801593066255942,baseline
4980.0,3,-0.08838803045864445,baseline
4990.0,1,-0.08913223005081453,baseline
5000.0,17,-0.08317863331345395,baseline
5010.0,1,-0.08913223005081453,baseline
5020.0,3,-0.08838803045864445,baseline
5030.0,4,-0.08801593066255942,baseline
5040.0,1,-0.08913223005081453,baseline
5060.0,4,-0.08801593066255942,baseline
5070.0,3,-0.08838803045864445,baseline
5080.0,2,-0.0887601302547295,baseline
5090.0,4,-0.08801593066255942,baseline
5100.0,2,-0.0887601302547295,baseline
5110.0,1,-0.08913223005081453,baseline
5120.0,5,-0.08764383086647438,baseline
5130.0,2,-0.0887601302547295,baseline
5150.0,3,-0.08838803045864445,baseline
5160.0,1,-0.08913223005081453,baseline
5180.0,3,-0.08838803045864445,baseline
5190.0,1,-0.08913223005081453,baseline
5200.0,2,-0.0887601302547295,baseline
5210.0,5,-0.08764383086647438,baseline
5220.0,2,-0.0887601302547295,baseline
5230.0,60,-0.0671783420817974,baseline
5240.0,27,-0.07945763535260358,baseline
5250.0,150,-0.03368936043414415,baseline
5260.0,185,-0.02066586757116789,baseline
5280.0,2,-0.0887601302547295,baseline
5290.0,3,-0.08838803045864445,baseline
5310.0,4,-0.08801593066255942,baseline
5320.0,46,-0.07238773922698791,baseline
5330.0,3,-0.08838803045864445,baseline
5340.0,2,-0.0887601302547295,baseline
5350.0,4,-0.08801593066255942,baseline
5360.0,2,-0.0887601302547295,baseline
5370.0,2,-0.0887601302547295,baseline
5380.0,4,-0.08801593066255942,baseline
5390.0,1,-0.08913223005081453,baseline
5400.0,1,-0.08913223005081453,baseline
5410.0,3,-0.08838803045864445,baseline
5430.0,1,-0.08913223005081453,baseline
5440.0,3,-0.08838803045864445,baseline
5460.0,4,-0.08801593066255942,baseline
5470.0,4,-0.08801593066255942,baseline
5480.0,2,-0.0887601302547295,baseline
5490.0,2,-0.0887601302547295,baseline
5500.0,4,-0.08801593066255942,baseline
5510.0,1,-0.08913223005081453,baseline
5520.0,4,-0.08801593066255942,baseline
5530.0,56,-0.06866674126613755,baseline
5540.0,22,-0.08131813433302877,baseline
5550.0,12,-0.08503913229387913,baseline
5580.0,6,-0.08727173107038934,baseline
5590.0,3,-0.08838803045864445,baseline
5600.0,2,-0.0887601302547295,baseline
5610.0,5,-0.08764383086647438,baseline
5620.0,147,-0.03480565982239926,baseline
5630.0,272,0.011706814688230243,baseline
5640.0,5,-0.08764383086647438,baseline
5650.0,6,-0.08727173107038934,baseline
5670.0,1,-0.08913223005081453,baseline
5680.0,4,-0.08801593066255942,baseline
5700.0,1,-0.08913223005081453,baseline
5710.0,4,-0.08801593066255942,baseline
5720.0,3,-0.08838803045864445,baseline
5730.0,2,-0.0887601302547295,baseline
5740.0,4,-0.08801593066255942,baseline
5750.0,1,-0.08913223005081453,baseline
5760.0,2,-0.0887601302547295,baseline
5770.0,5,-0.08764383086647438,baseline
5790.0,3,-0.08838803045864445,baseline
5800.0,9,-0.08615543168213424,baseline
5820.0,1,-0.08913223005081453,baseline
5830.0,63,-0.0660620426935423,baseline
5840.0,24,-0.0805739347408587,baseline
5850.0,6,-0.08727173107038934,baseline
5860.0,4,-0.08801593066255942,baseline
5870.0,2,-0.0887601302547295,baseline
5880.0,3,-0.08838803045864445,baseline
5890.0,4,-0.08801593066255942,baseline
5900.0,1,-0.08913223005081453,baseline
5910.0,1,-0.08913223005081453,baseline
5920.0,4,-0.08801593066255942,baseline
5940.0,1,-0.08913223005081453,baseline
5950.0,3,-0.08838803045864445,baseline
5970.0,4,-0.08801593066255942,baseline
5980.0,4,-0.08801593066255942,baseline
5990.0,2,-0.0887601302547295,baseline
6000.0,2,-0.0887601302547295,baseline
6010.0,4,-0.08801593066255942,baseline
6020.0,40,-0.07462033800349811,baseline
6030.0,2,-0.0887601302547295,baseline
6040.0,3,-0.08838803045864445,baseline
6060.0,1,-0.08913223005081453,baseline
6070.0,4,-0.08801593066255942,baseline
6090.0,1,-0.08913223005081453,baseline
6100.0,7,-0.0868996312743043,baseline
6110.0,1,-0.08913223005081453,baseline
6120.0,4,-0.08801593066255942,baseline
6130.0,58,-0.06792254167396747,baseline
6140.0,13,-0.08466703249779409,baseline
6150.0,9,-0.08615543168213424,baseline
6160.0,1,-0.08913223005081453,baseline
6180.0,5,-0.08764383086647438,baseline
6210.0,4,-0.08801593066255942,baseline
6220.0,1,-0.08913223005081453,baseline
6230.0,4,-0.08801593066255942,baseline
6240.0,5,-0.08764383086647438,baseline
6250.0,1,-0.08913223005081453,baseline
6260.0,1,-0.08913223005081453,baseline
6270.0,5,-0.08764383086647438,baseline
6280.0,1,-0.08913223005081453,baseline
6290.0,1,-0.08913223005081453,baseline
6300.0,4,-0.08801593066255942,baseline
6330.0,4,-0.08801593066255942,baseline
6350.0,1,-0.08913223005081453,baseline
6360.0,7,-0.0868996312743043,baseline
6370.0,1,-0.08913223005081453,baseline
6380.0,1,-0.08913223005081453,baseline
6390.0,5,-0.08764383086647438,baseline
6400.0,2,-0.0887601302547295,baseline
6410.0,1,-0.08913223005081453,baseline
6420.0,40,-0.07462033800349811,baseline
6430.0,58,-0.06792254167396747,baseline
6440.0,2,-0.0887601302547295,baseline
6450.0,5,-0.08764383086647438,baseline
6460.0,4,-0.08801593066255942,baseline
6480.0,8,-0.08652753147821927,baseline
6490.0,2,-0.0887601302547295,baseline
6500.0,1,-0.08913223005081453,baseline
6510.0,5,-0.08764383086647438,baseline
6520.0,3,-0.08838803045864445,baseline
6530.0,1,-0.08913223005081453,baseline
6540.0,5,-0.08764383086647438,baseline
6570.0,7,-0.0868996312743043,baseline
6600.0,4,-0.08801593066255942,baseline
6610.0,3,-0.08838803045864445,baseline
6620.0,1,-0.08913223005081453,baseline
6630.0,6,-0.08727173107038934,baseline
6640.0,1,-0.08913223005081453,baseline
6650.0,1,-0.08913223005081453,baseline
6660.0,5,-0.08764383086647438,baseline
6670.0,1,-0.08913223005081453,baseline
6690.0,14,-0.08429493270170905,baseline
6700.0,2,-0.0887601302547295,baseline
6720.0,4,-0.08801593066255942,baseline
6730.0,59,-0.06755044187788244,baseline
6740.0,24,-0.0805739347408587,baseline
6750.0,7,-0.0868996312743043,baseline
6760.0,3,-0.08838803045864445,baseline
6770.0,4,-0.08801593066255942,baseline
6780.0,6,-0.08727173107038934,baseline
6790.0,1,-0.08913223005081453,baseline
6800.0,1,-0.08913223005081453,baseline
6810.0,4,-0.08801593066255942,baseline
6820.0,1,-0.08913223005081453,baseline
6840.0,4,-0.08801593066255942,baseline
6870.0,8,-0.08652753147821927,baseline
6880.0,1,-0.08913223005081453,baseline
6890.0,1,-0.08913223005081453,baseline
6900.0,5,-0.08764383086647438,baseline
6910.0,1,-0.08913223005081453,baseline
6920.0,2,-0.0887601302547295,baseline
6930.0,4,-0.08801593066255942,baseline
6960.0,4,-0.08801593066255942,baseline
6970.0,2,-0.0887601302547295,baseline
6990.0,3,-0.08838803045864445,baseline
7000.0,6,-0.08727173107038934,baseline
7010.0,1,-0.08913223005081453,baseline
7020.0,2,-0.0887601302547295,baseline
7030.0,1,-0.08913223005081453,baseline
7040.0,1,-0.08913223005081453,baseline
7050.0,11,-0.08541123208996416,baseline
7060.0,1,-0.08913223005081453,baseline
7070.0,1,-0.08913223005081453,baseline
7080.0,192,-0.01806116899857264,baseline
7090.0,41,-0.07424823820741308,baseline
7100.0,25,-0.08020183494477366,baseline
7110.0,185,-0.02066586757116789,baseline
7120.0,19,-0.08243443372128388,baseline
7130.0,781,0.2011056108955136,baseline
7140.0,15,-0.08392283290562402,baseline
7150.0,5,-0.08764383086647438,baseline
7160.0,10,-0.0857833318860492,baseline
7170.0,5,-0.08764383086647438,baseline
7180.0,1,-0.08913223005081453,baseline
7190.0,4,-0.08801593066255942,baseline
7200.0,1,-0.08913223005081453,baseline
7210.0,4,-0.08801593066255942,baseline
7220.0,3,-0.08838803045864445,baseline
7230.0,2,-0.0887601302547295,baseline
7250.0,8,-0.08652753147821927,baseline
7260.0,3,-0.08838803045864445,baseline
7270.0,2,-0.0887601302547295,baseline
7280.0,4,-0.08801593066255942,baseline
7290.0,5,-0.08764383086647438,baseline
7300.0,1,-0.08913223005081453,baseline
7310.0,1,-0.08913223005081453,baseline
7320.0,5,-0.08764383086647438,baseline
7350.0,4,-0.08801593066255942,baseline
7370.0,49,-0.0712714398387328,baseline
7380.0,56,-0.06866674126613755,baseline
7390.0,21,-0.0816902341291138,baseline
7400.0,3,-0.08838803045864445,baseline
7410.0,5,-0.08764383086647438,baseline
7420.0,1,-0.08913223005081453,baseline
7430.0,1,-0.08913223005081453,baseline
7440.0,38,-0.07536453759566819,baseline
7450.0,2,-0.0887601302547295,baseline
7470.0,1,-0.08913223005081453,baseline
7480.0,3,-0.08838803045864445,baseline
7500.0,2,-0.0887601302547295,baseline
7510.0,6,-0.08727173107038934,baseline
7520.0,1,-0.08913223005081453,baseline
7530.0,2,-0.0887601302547295,baseline
7540.0,4,-0.08801593066255942,baseline
7550.0,3,-0.08838803045864445,baseline
7560.0,3,-0.08838803045864445,baseline
7580.0,4,-0.08801593066255942,baseline
7590.0,9,-0.08615543168213424,baseline
7610.0,3,-0.08838803045864445,baseline
7620.0,1,-0.08913223005081453,baseline
7630.0,2,-0.0887601302547295,baseline
7640.0,5,-0.08764383086647438,baseline
7650.0,2,-0.0887601302547295,baseline
7660.0,1,-0.08913223005081453,baseline
7670.0,40,-0.07462033800349811,baseline
7680.0,56,-0.06866674126613755,baseline
7690.0,19,-0.08243443372128388,baseline
7700.0,6,-0.08727173107038934,baseline
7710.0,1,-0.08913223005081453,baseline
7730.0,3,-0.08838803045864445,baseline
7740.0,1,-0.08913223005081453,baseline
7760.0,6,-0.08727173107038934,baseline
7770.0,2,-0.0887601302547295,baseline
7780.0,2,-0.0887601302547295,baseline
7790.0,4,-0.08801593066255942,baseline
7800.0,2,-0.0887601302547295,baseline
7810.0,1,-0.08913223005081453,baseline
7820.0,4,-0.08801593066255942,baseline
7830.0,1,-0.08913223005081453,baseline
7850.0,3,-0.08838803045864445,baseline
7860.0,1,-0.08913223005081453,baseline
7880.0,3,-0.08838803045864445,baseline
7890.0,4,-0.08801593066255942,baseline
7900.0,2,-0.0887601302547295,baseline
7910.0,4,-0.08801593066255942,baseline
7920.0,2,-0.0887601302547295,baseline
7930.0,1,-0.08913223005081453,baseline
7940.0,4,-0.08801593066255942,baseline
7950.0,2,-0.0887601302547295,baseline
7970.0,3,-0.08838803045864445,baseline
7980.0,45,-0.07275983902307294,baseline
7990.0,20,-0.08206233392519884,baseline
8000.0,5,-0.08764383086647438,baseline
8010.0,1,-0.08913223005081453,baseline
8020.0,4,-0.08801593066255942,baseline
8030.0,4,-0.08801593066255942,baseline
8040.0,2,-0.0887601302547295,baseline
8050.0,1,-0.08913223005081453,baseline
8060.0,4,-0.08801593066255942,baseline
8070.0,35,-0.0764808369839233,baseline
8080.0,4,-0.08801593066255942,baseline
8100.0,5,-0.08764383086647438,baseline
8130.0,5,-0.08764383086647438,baseline
8140.0,2,-0.0887601302547295,baseline
8150.0,2,-0.0887601302547295,baseline
8160.0,5,-0.08764383086647438,baseline
8170.0,1,-0.08913223005081453,baseline
8180.0,1,-0.08913223005081453,baseline
8190.0,6,-0.08727173107038934,baseline
8200.0,1,-0.08913223005081453,baseline
8220.0,4,-0.08801593066255942,baseline
8250.0,4,-0.08801593066255942,baseline
8270.0,2,-0.0887601302547295,baseline
8280.0,52,-0.07015514045047769,baseline
8290.0,21,-0.0816902341291138,baseline
8300.0,4,-0.08801593066255942,baseline
8310.0,5,-0.08764383086647438,baseline
8320.0,1,-0.08913223005081453,baseline
8330.0,1,-0.08913223005081453,baseline
8340.0,4,-0.08801593066255942,baseline
8370.0,4,-0.08801593066255942,baseline
8400.0,7,-0.0868996312743043,baseline
8410.0,2,-0.0887601302547295,baseline
8420.0,1,-0.08913223005081453,baseline
8430.0,5,-0.08764383086647438,baseline
8440.0,1,-0.08913223005081453,baseline
8450.0,1,-0.08913223005081453,baseline
8460.0,5,-0.08764383086647438,baseline
8480.0,3,-0.08838803045864445,baseline
8490.0,10,-0.0857833318860492,baseline
8520.0,4,-0.08801593066255942,baseline
8530.0,4,-0.08801593066255942,baseline
8540.0,1,-0.08913223005081453,baseline
8550.0,5,-0.08764383086647438,baseline
8560.0,1,-0.08913223005081453,baseline
8570.0,1,-0.08913223005081453,baseline
8580.0,54,-0.06941094085830761,baseline
8590.0,21,-0.0816902341291138,baseline
8600.0,2,-0.0887601302547295,baseline
8610.0,4,-0.08801593066255942,baseline
8620.0,3,-0.08838803045864445,baseline
8630.0,2,-0.0887601302547295,baseline
8640.0,4,-0.08801593066255942,baseline
8650.0,1,-0.08913223005081453,baseline
8660.0,3,-0.08838803045864445,baseline
8670.0,139,-0.03778245819107955,baseline
8680.0,1,-0.08913223005081453,baseline
8690.0,1,-0.08913223005081453,baseline
8700.0,5,-0.08764383086647438,baseline
8710.0,4,-0.08801593066255942,baseline
8730.0,1,-0.08913223005081453,baseline
8740.0,4,-0.08801593066255942,baseline
8760.0,1,-0.08913223005081453,baseline
8770.0,35,-0.0764808369839233,baseline
8780.0,5,-0.08764383086647438,baseline
8790.0,4,-0.08801593066255942,baseline
8800.0,4,-0.08801593066255942,baseline
8810.0,1,-0.08913223005081453,baseline
8820.0,2,-0.0887601302547295,baseline
8830.0,5,-0.08764383086647438,baseline
8840.0,1,-0.08913223005081453,baseline
8850.0,1,-0.08913223005081453,baseline
8860.0,3,-0.08838803045864445,baseline
8880.0,45,-0.07275983902307294,baseline
8890.0,25,-0.08020183494477366,baseline
8900.0,2,-0.0887601302547295,baseline
8910.0,3,-0.08838803045864445,baseline
8920.0,5,-0.08764383086647438,baseline
8930.0,1,-0.08913223005081453,baseline
8940.0,2,-0.0887601302547295,baseline
8950.0,5,-0.08764383086647438,baseline
8960.0,1,-0.08913223005081453,baseline
8970.0,2,-0.0887601302547295,baseline
8980.0,3,-0.08838803045864445,baseline
9000.0,1,-0.08913223005081453,baseline
9010.0,3,-0.08838803045864445,baseline
9030.0,1,-0.08913223005081453,baseline
9040.0,6,-0.08727173107038934,baseline
9050.0,1,-0.08913223005081453,baseline
9060.0,3,-0.08838803045864445,baseline
9070.0,4,-0.08801593066255942,baseline
9080.0,1,-0.08913223005081453,baseline
9090.0,2,-0.0887601302547295,baseline
9100.0,4,-0.08801593066255942,baseline
9110.0,4,-0.08801593066255942,baseline
9120.0,1,-0.08913223005081453,baseline
9130.0,3,-0.08838803045864445,baseline
9150.0,1,-0.08913223005081453,baseline
9160.0,3,-0.08838803045864445,baseline
9170.0,3,-0.08838803045864445,baseline
9180.0,47,-0.07201563943090286,baseline
9190.0,22,-0.08131813433302877,baseline
9200.0,3,-0.08838803045864445,baseline
9210.0,2,-0.0887601302547295,baseline
9220.0,5,-0.08764383086647438,baseline
9240.0,1,-0.08913223005081453,baseline
9250.0,3,-0.08838803045864445,baseline
9270.0,1,-0.08913223005081453,baseline
9280.0,4,-0.08801593066255942,baseline
9290.0,2,-0.0887601302547295,baseline
9300.0,3,-0.08838803045864445,baseline
9310.0,4,-0.08801593066255942,baseline
9320.0,1,-0.08913223005081453,baseline
9330.0,2,-0.0887601302547295,baseline
9340.0,3,-0.08838803045864445,baseline
9350.0,3,-0.08838803045864445,baseline
9360.0,1,-0.08913223005081453,baseline
9380.0,3,-0.08838803045864445,baseline
9390.0,5,-0.08764383086647438,baseline
9400.0,4,-0.08801593066255942,baseline
9410.0,3,-0.08838803045864445,baseline
9420.0,3,-0.08838803045864445,baseline
9430.0,2,-0.0887601302547295,baseline
9440.0,4,-0.08801593066255942,baseline
9450.0,3,-0.08838803045864445,baseline
9460.0,1,-0.08913223005081453,baseline
9470.0,4,-0.08801593066255942,baseline
9480.0,50,-0.07089934004264777,baseline
9490.0,20,-0.08206233392519884,baseline
9500.0,5,-0.08764383086647438,baseline
9510.0,1,-0.08913223005081453,baseline
9530.0,3,-0.08838803045864445,baseline
9540.0,1,-0.08913223005081453,baseline
9550.0,3,-0.08838803045864445,baseline
9560.0,4,-0.08801593066255942,baseline
9570.0,3,-0.08838803045864445,baseline
9580.0,1,-0.08913223005081453,baseline
9590.0,4,-0.08801593066255942,baseline
9600.0,2,-0.0887601302547295,baseline
9610.0,1,-0.08913223005081453,baseline
9620.0,3,-0.08838803045864445,baseline
9630.0,1,-0.08913223005081453,baseline
9650.0,5,-0.08764383086647438,baseline
9660.0,275,0.012823114076485351,baseline
9670.0,37,-0.07573663739175322,baseline
9680.0,148,-0.034433560026314224,baseline
9690.0,2,-0.0887601302547295,baseline
9700.0,1,-0.08913223005081453,baseline
9710.0,7,-0.0868996312743043,baseline
9720.0,3,-0.08838803045864445,baseline
9730.0,2,-0.0887601302547295,baseline
9740.0,4,-0.08801593066255942,baseline
9750.0,1,-0.08913223005081453,baseline
9770.0,4,-0.08801593066255942,baseline
9780.0,48,-0.07164353963481783,baseline
9790.0,18,-0.08280653351736891,baseline
9800.0,6,-0.08727173107038934,baseline
9810.0,4,-0.08801593066255942,baseline
9820.0,1,-0.08913223005081453,baseline
9830.0,4,-0.08801593066255942,baseline
9840.0,2,-0.0887601302547295,baseline
9850.0,2,-0.0887601302547295,baseline
9860.0,4,-0.08801593066255942,baseline
9870.0,1,-0.08913223005081453,baseline
9890.0,3,-0.08838803045864445,baseline
9900.0,1,-0.08913223005081453,baseline
9920.0,3,-0.08838803045864445,baseline
9930.0,3,-0.08838803045864445,baseline
9940.0,2,-0.0887601302547295,baseline
9950.0,4,-0.08801593066255942,baseline
9960.0,2,-0.0887601302547295,baseline
9970.0,33,-0.07722503657609338,baseline
9980.0,8,-0.08652753147821927,baseline
9990.0,2,-0.0887601302547295,baseline
10010.0,3,-0.08838803045864445,baseline
10020.0,1,-0.08913223005081453,baseline
10040.0,4,-0.08801593066255942,baseline
10050.0,1,-0.08913223005081453,baseline
10060.0,3,-0.08838803045864445,baseline
10070.0,4,-0.08801593066255942,baseline
10080.0,48,-0.07164353963481783,baseline
10090.0,22,-0.08131813433302877,baseline
10100.0,6,-0.08727173107038934,baseline
10110.0,2,-0.0887601302547295,baseline
10120.0,1,-0.08913223005081453,baseline
10130.0,3,-0.08838803045864445,baseline
10140.0,1,-0.08913223005081453,baseline
10160.0,3,-0.08838803045864445,baseline
10170.0,4,-0.08801593066255942,baseline
10190.0,6,-0.08727173107038934,baseline
10200.0,3,-0.08838803045864445,baseline
10210.0,1,-0.08913223005081453,baseline
10220.0,4,-0.08801593066255942,baseline
10230.0,2,-0.0887601302547295,baseline
10240.0,1,-0.08913223005081453,baseline
10250.0,4,-0.08801593066255942,baseline
10260.0,1,-0.08913223005081453,baseline
10280.0,3,-0.08838803045864445,baseline
10290.0,11,-0.08541123208996416,baseline
10300.0,2,-0.0887601302547295,baseline
10310.0,4,-0.08801593066255942,baseline
10320.0,4,-0.08801593066255942,baseline
10330.0,1,-0.08913223005081453,baseline
10340.0,4,-0.08801593066255942,baseline
10350.0,2,-0.0887601302547295,baseline
10360.0,2,-0.0887601302547295,baseline
10370.0,4,-0.08801593066255942,baseline
10380.0,50,-0.07089934004264777,baseline
10390.0,10,-0.0857833318860492,baseline
10400.0,5,-0.08764383086647438,baseline
10410.0,1,-0.08913223005081453,baseline
10430.0,3,-0.08838803045864445,baseline
10440.0,3,-0.08838803045864445,baseline
10450.0,2,-0.0887601302547295,baseline
10460.0,3,-0.08838803045864445,baseline
10470.0,34,-0.07685293678000833,baseline
10480.0,6,-0.08727173107038934,baseline
10490.0,5,-0.08764383086647438,baseline
10500.0,2,-0.0887601302547295,baseline
10520.0,3,-0.08838803045864445,baseline
10530.0,1,-0.08913223005081453,baseline
10550.0,3,-0.08838803045864445,baseline
10560.0,1,-0.08913223005081453,baseline
10570.0,3,-0.08838803045864445,baseline
10580.0,4,-0.08801593066255942,baseline
10590.0,3,-0.08838803045864445,baseline
10600.0,1,-0.08913223005081453,baseline
10610.0,4,-0.08801593066255942,baseline
10620.0,2,-0.0887601302547295,baseline
10630.0,1,-0.08913223005081453,baseline
10640.0,3,-0.08838803045864445,baseline
10650.0,1,-0.08913223005081453,baseline
10670.0,3,-0.08838803045864445,baseline
10680.0,46,-0.07238773922698791,baseline
10690.0,10,-0.0857833318860492,baseline
10700.0,9,-0.08615543168213424,baseline
10710.0,2,-0.0887601302547295,baseline
10720.0,1,-0.08913223005081453,baseline
10730.0,4,-0.08801593066255942,baseline
10740.0,2,-0.0887601302547295,baseline
10750.0,1,-0.08913223005081453,baseline
10760.0,4,-0.08801593066255942,baseline
10770.0,1,-0.08913223005081453,baseline
10790.0,7,-0.0868996312743043,baseline
10800.0,9,-0.08615543168213424,baseline
10820.0,4,-0.08801593066255942,baseline
10830.0,4,-0.08801593066255942,baseline
10840.0,1,-0.08913223005081453,baseline
10850.0,4,-0.08801593066255942,baseline
10860.0,2,-0.0887601302547295,baseline
10870.0,39,-0.07499243779958316,baseline
10880.0,8,-0.08652753147821927,baseline
10890.0,2,-0.0887601302547295,baseline
10910.0,3,-0.08838803045864445,baseline
10920.0,1,-0.08913223005081453,baseline
10940.0,3,-0.08838803045864445,baseline
10950.0,2,-0.0887601302547295,baseline
10960.0,3,-0.08838803045864445,baseline
10970.0,4,-0.08801593066255942,baseline
10980.0,48,-0.07164353963481783,baseline
10990.0,1,-0.08913223005081453,baseline
11000.0,7,-0.0868996312743043,baseline
11010.0,2,-0.0887601302547295,baseline
11030.0,3,-0.08838803045864445,baseline
11040.0,1,-0.08913223005081453,baseline
11060.0,3,-0.08838803045864445,baseline
11070.0,1,-0.08913223005081453,baseline
11080.0,2,-0.0887601302547295,baseline
11090.0,5,-0.08764383086647438,baseline
11100.0,2,-0.0887601302547295,baseline
11110.0,1,-0.08913223005081453,baseline
11120.0,5,-0.08764383086647438,baseline
11130.0,2,-0.0887601302547295,baseline
11140.0,1,-0.08913223005081453,baseline
11150.0,3,-0.08838803045864445,baseline
11160.0,1,-0.08913223005081453,baseline
11170.0,36,-0.07610873718783827,baseline
11180.0,7,-0.0868996312743043,baseline
11190.0,9,-0.08615543168213424,baseline
11210.0,6,-0.08727173107038934,baseline
11220.0,2,-0.0887601302547295,baseline
11230.0,2,-0.0887601302547295,baseline
11240.0,4,-0.08801593066255942,baseline
11250.0,2,-0.0887601302547295,baseline
11260.0,1,-0.08913223005081453,baseline
11270.0,4,-0.08801593066255942,baseline
11280.0,51,-0.07052724024656272,baseline
11290.0,20,-0.08206233392519884,baseline
11300.0,5,-0.08764383086647438,baseline
11310.0,1,-0.08913223005081453,baseline
11330.0,3,-0.08838803045864445,baseline
11340.0,6,-0.08727173107038934,baseline
11350.0,2,-0.0887601302547295,baseline
11360.0,1,-0.08913223005081453,baseline
11370.0,6,-0.08727173107038934,baseline
11380.0,1,-0.08913223005081453,baseline
11390.0,1,-0.08913223005081453,baseline
11400.0,5,-0.08764383086647438,baseline
11430.0,4,-0.08801593066255942,baseline
11460.0,4,-0.08801593066255942,baseline
11470.0,4,-0.08801593066255942,baseline
11480.0,1,-0.08913223005081453,baseline
11490.0,5,-0.08764383086647438,baseline
11500.0,1,-0.08913223005081453,baseline
11510.0,1,-0.08913223005081453,baseline
11520.0,6,-0.08727173107038934,baseline
11550.0,4,-0.08801593066255942,baseline
11570.0,35,-0.0764808369839233,baseline
11580.0,52,-0.07015514045047769,baseline
11590.0,22,-0.08131813433302877,baseline
11600.0,4,-0.08801593066255942,baseline
11610.0,5,-0.08764383086647438,baseline
11620.0,1,-0.08913223005081453,baseline
11630.0,2,-0.0887601302547295,baseline
11640.0,5,-0.08764383086647438,baseline
11650.0,1,-0.08913223005081453,baseline
11670.0,4,-0.08801593066255942,baseline
11700.0,4,-0.08801593066255942,baseline
11720.0,3,-0.08838803045864445,baseline
11730.0,5,-0.08764383086647438,baseline
11740.0,2,-0.0887601302547295,baseline
11750.0,1,-0.08913223005081453,baseline
11760.0,8,-0.08652753147821927,baseline
11770.0,9,-0.08615543168213424,baseline
11780.0,3,-0.08838803045864445,baseline
11790.0,6,-0.08727173107038934,baseline
11810.0,2,-0.0887601302547295,baseline
11820.0,4,-0.08801593066255942,baseline
11850.0,7,-0.0868996312743043,baseline
11860.0,2,-0.0887601302547295,baseline
11870.0,1,-0.08913223005081453,baseline
11880.0,49,-0.0712714398387328,baseline
11890.0,23,-0.08094603453694373,baseline
11900.0,3,-0.08838803045864445,baseline
11910.0,5,-0.08764383086647438,baseline
11940.0,4,-0.08801593066255942,baseline
11970.0,4,-0.08801593066255942,baseline
11980.0,4,-0.08801593066255942,baseline
11990.0,1,-0.08913223005081453,baseline
12000.0,5,-0.08764383086647438,baseline
12010.0,1,-0.08913223005081453,baseline
12020.0,1,-0.08913223005081453,baseline
12030.0,6,-0.08727173107038934,baseline
12060.0,4,-0.08801593066255942,baseline
12080.0,2,-0.0887601302547295,baseline
12090.0,8,-0.08652753147821927,baseline
12100.0,4,-0.08801593066255942,baseline
12110.0,2,-0.0887601302547295,baseline
12120.0,2,-0.0887601302547295,baseline
12130.0,4,-0.08801593066255942,baseline
12140.0,4,-0.08801593066255942,baseline
12150.0,2,-0.0887601302547295,baseline
12160.0,4,-0.08801593066255942,baseline
12180.0,50,-0.07089934004264777,baseline
12190.0,13,-0.08466703249779409,baseline
12200.0,2,-0.0887601302547295,baseline
12210.0,1,-0.08913223005081453,baseline
12220.0,5,-0.08764383086647438,baseline
12230.0,3,-0.08838803045864445,baseline
12240.0,2,-0.0887601302547295,baseline
12250.0,4,-0.08801593066255942,baseline
12260.0,2,-0.0887601302547295,baseline
12270.0,52,-0.07015514045047769,baseline
12280.0,4,-0.08801593066255942,baseline
12290.0,1,-0.08913223005081453,baseline
12300.0,1,-0.08913223005081453,baseline
12310.0,3,-0.08838803045864445,baseline
12330.0,1,-0.08913223005081453,baseline
12340.0,5,-0.08764383086647438,baseline
12360.0,3,-0.08838803045864445,baseline
12370.0,41,-0.07424823820741308,baseline
12380.0,6,-0.08727173107038934,baseline
12390.0,1,-0.08913223005081453,baseline
12400.0,5,-0.08764383086647438,baseline
12410.0,1,-0.08913223005081453,baseline
12420.0,1,-0.08913223005081453,baseline
12430.0,5,-0.08764383086647438,baseline
12460.0,4,-0.08801593066255942,baseline
12480.0,44,-0.07313193881915797,baseline
12490.0,28,-0.07908553555651855,baseline
12500.0,3,-0.08838803045864445,baseline
12510.0,1,-0.08913223005081453,baseline
12520.0,5,-0.08764383086647438,baseline
12530.0,1,-0.08913223005081453,baseline
12540.0,1,-0.08913223005081453,baseline
12550.0,5,-0.08764383086647438,baseline
12580.0,4,-0.08801593066255942,baseline
12610.0,5,-0.08764383086647438,baseline
12620.0,3,-0.08838803045864445,baseline
12630.0,1,-0.08913223005081453,baseline
12640.0,5,-0.08764383086647438,baseline
12650.0,1,-0.08913223005081453,baseline
12660.0,1,-0.08913223005081453,baseline
12670.0,6,-0.08727173107038934,baseline
12700.0,4,-0.08801593066255942,baseline
12730.0,4,-0.08801593066255942,baseline
12740.0,2,-0.0887601302547295,baseline
12750.0,2,-0.0887601302547295,baseline
12760.0,5,-0.08764383086647438,baseline
12770.0,1,-0.08913223005081453,baseline
12780.0,48,-0.07164353963481783,baseline
12790.0,28,-0.07908553555651855,baseline
12800.0,3,-0.08838803045864445,baseline
12820.0,4,-0.08801593066255942,baseline
12850.0,4,-0.08801593066255942,baseline
12870.0,5,-0.08764383086647438,baseline
12880.0,5,-0.08764383086647438,baseline
12890.0,1,-0.08913223005081453,baseline
12900.0,1,-0.08913223005081453,baseline
12910.0,6,-0.08727173107038934,baseline
12920.0,1,-0.08913223005081453,baseline
12930.0,1,-0.08913223005081453,baseline
12940.0,3,-0.08838803045864445,baseline
12950.0,1,-0.08913223005081453,baseline
12970.0,1,-0.08913223005081453,baseline
12980.0,3,-0.08838803045864445,baseline
12990.0,4,-0.08801593066255942,baseline
13000.0,8,-0.08652753147821927,baseline
13010.0,4,-0.08801593066255942,baseline
13020.0,2,-0.0887601302547295,baseline
13030.0,2,-0.0887601302547295,baseline
13040.0,4,-0.08801593066255942,baseline
13050.0,1,-0.08913223005081453,baseline
13060.0,2,-0.0887601302547295,baseline
13070.0,3,-0.08838803045864445,baseline
13080.0,50,-0.07089934004264777,baseline
13090.0,1,-0.08913223005081453,baseline
13100.0,5,-0.08764383086647438,baseline
13120.0,1,-0.08913223005081453,baseline
13130.0,6,-0.08727173107038934,baseline
13140.0,2,-0.0887601302547295,baseline
13150.0,2,-0.0887601302547295,baseline
13160.0,4,-0.08801593066255942,baseline
13170.0,1,-0.08913223005081453,baseline
13180.0,2,-0.0887601302547295,baseline
13190.0,4,-0.08801593066255942,baseline
13210.0,1,-0.08913223005081453,baseline
13220.0,5,-0.08764383086647438,baseline
13240.0,1,-0.08913223005081453,baseline
13250.0,5,-0.08764383086647438,baseline
13260.0,3,-0.08838803045864445,baseline
13270.0,35,-0.0764808369839233,baseline
13280.0,7,-0.0868996312743043,baseline
13290.0,1,-0.08913223005081453,baseline
13300.0,2,-0.0887601302547295,baseline
13310.0,6,-0.08727173107038934,baseline
13330.0,1,-0.08913223005081453,baseline
13340.0,3,-0.08838803045864445,baseline
13360.0,1,-0.08913223005081453,baseline
13370.0,6,-0.08727173107038934,baseline
13380.0,46,-0.07238773922698791,baseline
13390.0,23,-0.08094603453694373,baseline
13400.0,6,-0.08727173107038934,baseline
13410.0,7,-0.0868996312743043,baseline
13420.0,8,-0.08652753147821927,baseline
13430.0,7,-0.0868996312743043,baseline
13440.0,1,-0.08913223005081453,baseline
13450.0,1,-0.08913223005081453,baseline
13460.0,5,-0.08764383086647438,baseline
13480.0,1,-0.08913223005081453,baseline
13490.0,3,-0.08838803045864445,baseline
13510.0,3,-0.08838803045864445,baseline
13520.0,5,-0.08764383086647438,baseline
13530.0,1,-0.08913223005081453,baseline
13540.0,4,-0.08801593066255942,baseline
13550.0,5,-0.08764383086647438,baseline
13560.0,1,-0.08913223005081453,baseline
13570.0,2,-0.0887601302547295,baseline
13580.0,3,-0.08838803045864445,baseline
13600.0,1,-0.08913223005081453,baseline
13610.0,3,-0.08838803045864445,baseline
13630.0,1,-0.08913223005081453,baseline
13640.0,6,-0.08727173107038934,baseline
13650.0,1,-0.08913223005081453,baseline
13660.0,3,-0.08838803045864445,baseline
13670.0,4,-0.08801593066255942,baseline
13680.0,46,-0.07238773922698791,baseline
13690.0,12,-0.08503913229387913,baseline
13700.0,6,-0.08727173107038934,baseline
13720.0,1,-0.08913223005081453,baseline
13730.0,3,-0.08838803045864445,baseline
13750.0,1,-0.08913223005081453,baseline
13760.0,3,-0.08838803045864445,baseline
13770.0,4,-0.08801593066255942,baseline
13780.0,4,-0.08801593066255942,baseline
13790.0,4,-0.08801593066255942,baseline
13800.0,3,-0.08838803045864445,baseline
13810.0,2,-0.0887601302547295,baseline
13820.0,5,-0.08764383086647438,baseline
13840.0,1,-0.08913223005081453,baseline
13850.0,3,-0.08838803045864445,baseline
13870.0,1,-0.08913223005081453,baseline
13880.0,3,-0.08838803045864445,baseline
13890.0,10,-0.0857833318860492,baseline
13900.0,5,-0.08764383086647438,baseline
13910.0,4,-0.08801593066255942,baseline
13920.0,1,-0.08913223005081453,baseline
13930.0,3,-0.08838803045864445,baseline
13940.0,4,-0.08801593066255942,baseline
13950.0,1,-0.08913223005081453,baseline
13960.0,1,-0.08913223005081453,baseline
13970.0,3,-0.08838803045864445,baseline
13980.0,49,-0.0712714398387328,baseline
13990.0,19,-0.08243443372128388,baseline
14000.0,5,-0.08764383086647438,baseline
14020.0,4,-0.08801593066255942,baseline
14030.0,4,-0.08801593066255942,baseline
14040.0,1,-0.08913223005081453,baseline
14050.0,3,-0.08838803045864445,baseline
14060.0,4,-0.08801593066255942,baseline
14070.0,1,-0.08913223005081453,baseline
14080.0,2,-0.0887601302547295,baseline
14090.0,3,-0.08838803045864445,baseline
14110.0,1,-0.08913223005081453,baseline
14120.0,3,-0.08838803045864445,baseline
14140.0,1,-0.08913223005081453,baseline
14150.0,6,-0.08727173107038934,baseline
14160.0,2,-0.0887601302547295,baseline
14170.0,2,-0.0887601302547295,baseline
14180.0,4,-0.08801593066255942,baseline
14190.0,1,-0.08913223005081453,baseline
14200.0,4,-0.08801593066255942,baseline
14210.0,1,-0.08913223005081453,baseline
14220.0,2,-0.0887601302547295,baseline
14230.0,1,-0.08913223005081453,baseline
14250.0,4,-0.08801593066255942,baseline
14260.0,1,-0.08913223005081453,baseline
14270.0,36,-0.07610873718783827,baseline
14280.0,55,-0.06903884106222258,baseline
14290.0,22,-0.08131813433302877,baseline
14300.0,3,-0.08838803045864445,baseline
14310.0,62,-0.06643414248962733,baseline
14320.0,201,-0.014712270833807316,baseline
14330.0,82,-0.058992146567926604,baseline
14340.0,249,0.003148519378274414,baseline
14350.0,265,0.009102116115634992,baseline
14360.0,276,0.013195213872570388,baseline
14370.0,260,0.007241617135209811,baseline
14380.0,78,-0.06048054575226675,baseline
14400.0,2,-0.0887601302547295,baseline
14410.0,6,-0.08727173107038934,baseline
14420.0,1,-0.08913223005081453,baseline
14430.0,1,-0.08913223005081453,baseline
14440.0,5,-0.08764383086647438,baseline
14450.0,2,-0.0887601302547295,baseline
14460.0,1,-0.08913223005081453,baseline
14470.0,3,-0.08838803045864445,baseline
14480.0,1,-0.08913223005081453,baseline
14500.0,3,-0.08838803045864445,baseline
14510.0,3,-0.08838803045864445,baseline
14530.0,7,-0.0868996312743043,baseline
14540.0,1,-0.08913223005081453,baseline
14550.0,2,-0.0887601302547295,baseline
14560.0,6,-0.08727173107038934,baseline
14570.0,1,-0.08913223005081453,baseline
14580.0,23,-0.08094603453694373,baseline
14590.0,32,-0.07759713637217841,baseline
14600.0,21,-0.0816902341291138,baseline
14610.0,3,-0.08838803045864445,baseline
14620.0,3,-0.08838803045864445,baseline
14630.0,2,-0.0887601302547295,baseline
14650.0,3,-0.08838803045864445,baseline
14660.0,3,-0.08838803045864445,baseline
14670.0,45,-0.07275983902307294,baseline
14680.0,9,-0.08615543168213424,baseline
14690.0,1,-0.08913223005081453,baseline
14700.0,2,-0.0887601302547295,baseline
14710.0,4,-0.08801593066255942,baseline
14720.0,1,-0.08913223005081453,baseline
14740.0,4,-0.08801593066255942,baseline
14770.0,3,-0.08838803045864445,baseline
14780.0,1,-0.08913223005081453,baseline
14790.0,12,-0.08503913229387913,baseline
14800.0,4,-0.08801593066255942,baseline
14810.0,1,-0.08913223005081453,baseline
14820.0,2,-0.0887601302547295,baseline
14830.0,4,-0.08801593066255942,baseline
14840.0,2,-0.0887601302547295,baseline
14860.0,4,-0.08801593066255942,baseline
14890.0,53,-0.06978304065439266,baseline
14900.0,10,-0.0857833318860492,baseline
14910.0,4,-0.08801593066255942,baseline
14920.0,5,-0.08764383086647438,baseline
14930.0,2,-0.0887601302547295,baseline
14940.0,1,-0.08913223005081453,baseline
14950.0,4,-0.08801593066255942,baseline
14960.0,2,-0.0887601302547295,baseline
14970.0,2,-0.0887601302547295,baseline
14980.0,6,-0.08727173107038934,baseline
15010.0,4,-0.08801593066255942,baseline
15040.0,6,-0.08727173107038934,baseline
15050.0,2,-0.0887601302547295,baseline
15060.0,1,-0.08913223005081453,baseline
15070.0,4,-0.08801593066255942,baseline
15080.0,5,-0.08764383086647438,baseline
15090.0,1,-0.08913223005081453,baseline
15100.0,1,-0.08913223005081453,baseline
15110.0,4,-0.08801593066255942,baseline
15120.0,1,-0.08913223005081453,baseline
15140.0,3,-0.08838803045864445,baseline
15160.0,1,-0.08913223005081453,baseline
15170.0,41,-0.07424823820741308,baseline
15180.0,6,-0.08727173107038934,baseline
15190.0,46,-0.07238773922698791,baseline
15200.0,13,-0.08466703249779409,baseline
15210.0,5,-0.08764383086647438,baseline
15220.0,1,-0.08913223005081453,baseline
15230.0,1,-0.08913223005081453,baseline
15240.0,4,-0.08801593066255942,baseline
15270.0,4,-0.08801593066255942,baseline
15300.0,7,-0.0868996312743043,baseline
15310.0,2,-0.0887601302547295,baseline
15320.0,1,-0.08913223005081453,baseline
15330.0,4,-0.08801593066255942,baseline
15340.0,1,-0.08913223005081453,baseline
15350.0,2,-0.0887601302547295,baseline
15360.0,4,-0.08801593066255942,baseline
15390.0,4,-0.08801593066255942,baseline
15420.0,4,-0.08801593066255942,baseline
15430.0,4,-0.08801593066255942,baseline
15440.0,1,-0.08913223005081453,baseline
15450.0,4,-0.08801593066255942,baseline
15460.0,2,-0.0887601302547295,baseline
15470.0,2,-0.0887601302547295,baseline
15480.0,4,-0.08801593066255942,baseline
15490.0,48,-0.07164353963481783,baseline
15500.0,1,-0.08913223005081453,baseline
15510.0,5,-0.08764383086647438,baseline
15540.0,4,-0.08801593066255942,baseline
15550.0,3,-0.08838803045864445,baseline
15560.0,1,-0.08913223005081453,baseline
15570.0,4,-0.08801593066255942,baseline
15580.0,3,-0.08838803045864445,baseline
15590.0,1,-0.08913223005081453,baseline
15600.0,4,-0.08801593066255942,baseline
15610.0,1,-0.08913223005081453,baseline
15620.0,1,-0.08913223005081453,baseline
15630.0,3,-0.08838803045864445,baseline
15650.0,1,-0.08913223005081453,baseline
15660.0,6,-0.08727173107038934,baseline
15680.0,6,-0.08727173107038934,baseline
15690.0,11,-0.08541123208996416,baseline
15700.0,1,-0.08913223005081453,baseline
15710.0,1,-0.08913223005081453,baseline
15720.0,4,-0.08801593066255942,baseline
15730.0,3,-0.08838803045864445,baseline
15750.0,3,-0.08838803045864445,baseline
15770.0,1,-0.08913223005081453,baseline
15780.0,3,-0.08838803045864445,baseline
15790.0,46,-0.07238773922698791,baseline
15800.0,20,-0.08206233392519884,baseline
15810.0,8,-0.08652753147821927,baseline
15820.0,3,-0.08838803045864445,baseline
15830.0,1,-0.08913223005081453,baseline
15840.0,5,-0.08764383086647438,baseline
15850.0,2,-0.0887601302547295,baseline
15860.0,1,-0.08913223005081453,baseline
15870.0,170,-0.026247364512443434,baseline
15880.0,1,-0.08913223005081453,baseline
15900.0,3,-0.08838803045864445,baseline
15920.0,1,-0.08913223005081453,baseline
15930.0,6,-0.08727173107038934,baseline
15940.0,1,-0.08913223005081453,baseline
15950.0,1,-0.08913223005081453,baseline
15960.0,6,-0.08727173107038934,baseline
15970.0,32,-0.07759713637217841,baseline
15980.0,5,-0.08764383086647438,baseline
15990.0,4,-0.08801593066255942,baseline
16000.0,3,-0.08838803045864445,baseline
16030.0,6,-0.08727173107038934,baseline
16060.0,6,-0.08727173107038934,baseline
16070.0,2,-0.0887601302547295,baseline
16080.0,2,-0.0887601302547295,baseline
16090.0,48,-0.07164353963481783,baseline
16100.0,21,-0.0816902341291138,baseline
16110.0,4,-0.08801593066255942,baseline
16120.0,4,-0.08801593066255942,baseline
16150.0,4,-0.08801593066255942,baseline
16180.0,3,-0.08838803045864445,baseline
16190.0,4,-0.08801593066255942,baseline
16200.0,2,-0.0887601302547295,baseline
16210.0,4,-0.08801593066255942,baseline
16220.0,2,-0.0887601302547295,baseline
16230.0,1,-0.08913223005081453,baseline
16240.0,4,-0.08801593066255942,baseline
16250.0,1,-0.08913223005081453,baseline
16260.0,1,-0.08913223005081453,baseline
16270.0,39,-0.07499243779958316,baseline
16280.0,4,-0.08801593066255942,baseline
16300.0,5,-0.08764383086647438,baseline
16320.0,3,-0.08838803045864445,baseline
16330.0,5,-0.08764383086647438,baseline
16340.0,2,-0.0887601302547295,baseline
16350.0,1,-0.08913223005081453,baseline
16360.0,4,-0.08801593066255942,baseline
16370.0,1,-0.08913223005081453,baseline
16380.0,2,-0.0887601302547295,baseline
16390.0,49,-0.0712714398387328,baseline
16400.0,20,-0.08206233392519884,baseline
16410.0,3,-0.08838803045864445,baseline
16420.0,3,-0.08838803045864445,baseline
16440.0,1,-0.08913223005081453,baseline
16450.0,7,-0.0868996312743043,baseline
16460.0,1,-0.08913223005081453,baseline
16470.0,1,-0.08913223005081453,baseline
16480.0,5,-0.08764383086647438,baseline
16490.0,2,-0.0887601302547295,baseline
16500.0,1,-0.08913223005081453,baseline
16510.0,3,-0.08838803045864445,baseline
16530.0,1,-0.08913223005081453,baseline
16540.0,3,-0.08838803045864445,baseline
16570.0,7,-0.0868996312743043,baseline
16580.0,1,-0.08913223005081453,baseline
16590.0,6,-0.08727173107038934,baseline
16600.0,12,-0.08503913229387913,baseline
16610.0,1,-0.08913223005081453,baseline
16620.0,1,-0.08913223005081453,baseline
16630.0,4,-0.08801593066255942,baseline
16640.0,1,-0.08913223005081453,baseline
16660.0,3,-0.08838803045864445,baseline
16680.0,1,-0.08913223005081453,baseline
16690.0,51,-0.07052724024656272,baseline
16700.0,23,-0.08094603453694373,baseline
16710.0,4,-0.08801593066255942,baseline
16720.0,5,-0.08764383086647438,baseline
16730.0,1,-0.08913223005081453,baseline
16740.0,1,-0.08913223005081453,baseline
16750.0,4,-0.08801593066255942,baseline
16760.0,2,-0.0887601302547295,baseline
16780.0,3,-0.08838803045864445,baseline
16790.0,1,-0.08913223005081453,baseline
16810.0,3,-0.08838803045864445,baseline
16830.0,5,-0.08764383086647438,baseline
16840.0,4,-0.08801593066255942,baseline
16850.0,1,-0.08913223005081453,baseline
16860.0,1,-0.08913223005081453,baseline
16870.0,5,-0.08764383086647438,baseline
16880.0,2,-0.0887601302547295,baseline
16900.0,3,-0.08838803045864445,baseline
16910.0,1,-0.08913223005081453,baseline
16930.0,3,-0.08838803045864445,baseline
16950.0,3,-0.08838803045864445,baseline
16960.0,5,-0.08764383086647438,baseline
16970.0,1,-0.08913223005081453,baseline
16980.0,2,-0.0887601302547295,baseline
16990.0,48,-0.07164353963481783,baseline
17000.0,22,-0.08131813433302877,baseline
17010.0,3,-0.08838803045864445,baseline
17020.0,4,-0.08801593066255942,baseline
17040.0,2,-0.0887601302547295,baseline
17060.0,1,-0.08913223005081453,baseline
17070.0,36,-0.07610873718783827,baseline
17080.0,6,-0.08727173107038934,baseline
17090.0,2,-0.0887601302547295,baseline
17100.0,5,-0.08764383086647438,baseline
17110.0,1,-0.08913223005081453,baseline
17120.0,2,-0.0887601302547295,baseline
17130.0,4,-0.08801593066255942,baseline
17140.0,2,-0.0887601302547295,baseline
17160.0,3,-0.08838803045864445,baseline
17170.0,1,-0.08913223005081453,baseline
17190.0,3,-0.08838803045864445,baseline
17210.0,4,-0.08801593066255942,baseline
17220.0,4,-0.08801593066255942,baseline
17230.0,1,-0.08913223005081453,baseline
17240.0,1,-0.08913223005081453,baseline
17250.0,6,-0.08727173107038934,baseline
17260.0,1,-0.08913223005081453,baseline
17270.0,1,-0.08913223005081453,baseline
17280.0,3,-0.08838803045864445,baseline
17290.0,45,-0.07275983902307294,baseline
17300.0,20,-0.08206233392519884,baseline
17310.0,5,-0.08764383086647438,baseline
17330.0,1,-0.08913223005081453,baseline
17340.0,6,-0.08727173107038934,baseline
17350.0,1,-0.08913223005081453,baseline
17360.0,2,-0.0887601302547295,baseline
17370.0,5,-0.08764383086647438,baseline
17380.0,1,-0.08913223005081453,baseline
17390.0,1,-0.08913223005081453,baseline
17400.0,5,-0.08764383086647438,baseline
17430.0,3,-0.08838803045864445,baseline
17440.0,1,-0.08913223005081453,baseline
17460.0,3,-0.08838803045864445,baseline
17470.0,3,-0.08838803045864445,baseline
17480.0,6,-0.08727173107038934,baseline
17490.0,7,-0.0868996312743043,baseline
17500.0,7,-0.0868996312743043,baseline
17510.0,1,-0.08913223005081453,baseline
17520.0,5,-0.08764383086647438,baseline
17530.0,1,-0.08913223005081453,baseline
17550.0,4,-0.08801593066255942,baseline
17580.0,3,-0.08838803045864445,baseline
17590.0,49,-0.0712714398387328,baseline
17600.0,24,-0.0805739347408587,baseline
17610.0,6,-0.08727173107038934,baseline
17620.0,1,-0.08913223005081453,baseline
17630.0,2,-0.0887601302547295,baseline
17640.0,4,-0.08801593066255942,baseline
17650.0,1,-0.08913223005081453,baseline
17660.0,1,-0.08913223005081453,baseline
17670.0,4,-0.08801593066255942,baseline
17700.0,3,-0.08838803045864445,baseline
17710.0,1,-0.08913223005081453,baseline
17720.0,1,-0.08913223005081453,baseline
17730.0,6,-0.08727173107038934,baseline
17740.0,2,-0.0887601302547295,baseline
17750.0,1,-0.08913223005081453,baseline
17760.0,4,-0.08801593066255942,baseline
17770.0,1,-0.08913223005081453,baseline
17780.0,3,-0.08838803045864445,baseline
17790.0,3,-0.08838803045864445,baseline
17820.0,2,-0.0887601302547295,baseline
17830.0,2,-0.0887601302547295,baseline
17850.0,2,-0.0887601302547295,baseline
17860.0,6,-0.08727173107038934,baseline
17870.0,36,-0.07610873718783827,baseline
17880.0,5,-0.08764383086647438,baseline
17890.0,49,-0.0712714398387328,baseline
17900.0,22,-0.08131813433302877,baseline
17910.0,3,-0.08838803045864445,baseline
17920.0,3,-0.08838803045864445,baseline
17930.0,1,-0.08913223005081453,baseline
17950.0,3,-0.08838803045864445,baseline
17970.0,1,-0.08913223005081453,baseline
17980.0,6,-0.08727173107038934,baseline
17990.0,3,-0.08838803045864445,baseline
18000.0,2,-0.0887601302547295,baseline
18010.0,2,-0.0887601302547295,baseline
18020.0,5,-0.08764383086647438,baseline
18030.0,1,-0.08913223005081453,baseline
18040.0,1,-0.08913223005081453,baseline
18050.0,4,-0.08801593066255942,baseline
18080.0,3,-0.08838803045864445,baseline
18090.0,1,-0.08913223005081453,baseline
18110.0,8,-0.08652753147821927,baseline
18120.0,3,-0.08838803045864445,baseline
18130.0,1,-0.08913223005081453,baseline
18140.0,5,-0.08764383086647438,baseline
18150.0,1,-0.08913223005081453,baseline
18160.0,2,-0.0887601302547295,baseline
18170.0,41,-0.07424823820741308,baseline
18180.0,6,-0.08727173107038934,baseline
18190.0,44,-0.07313193881915797,baseline
18200.0,24,-0.0805739347408587,baseline
18210.0,5,-0.08764383086647438,baseline
18230.0,1,-0.08913223005081453,baseline
18240.0,7,-0.0868996312743043,baseline
18250.0,1,-0.08913223005081453,baseline
18260.0,1,-0.08913223005081453,baseline
18270.0,4,-0.08801593066255942,baseline
18280.0,2,-0.0887601302547295,baseline
18290.0,2,-0.0887601302547295,baseline
18300.0,3,-0.08838803045864445,baseline
18310.0,1,-0.08913223005081453,baseline
18330.0,3,-0.08838803045864445,baseline
18350.0,1,-0.08913223005081453,baseline
18360.0,4,-0.08801593066255942,baseline
18370.0,3,-0.08838803045864445,baseline
18380.0,11,-0.08541123208996416,baseline
18390.0,13,-0.08466703249779409,baseline
18400.0,5,-0.08764383086647438,baseline
18410.0,6,-0.08727173107038934,baseline
18420.0,10,-0.0857833318860492,baseline
18430.0,3,-0.08838803045864445,baseline
18450.0,3,-0.08838803045864445,baseline
18460.0,2,-0.0887601302547295,baseline
18470.0,1,-0.08913223005081453,baseline
18480.0,3,-0.08838803045864445,baseline
18490.0,50,-0.07089934004264777,baseline
18500.0,23,-0.08094603453694373,baseline
18510.0,6,-0.08727173107038934,baseline
18520.0,3,-0.08838803045864445,baseline
18530.0,2,-0.0887601302547295,baseline
18540.0,4,-0.08801593066255942,baseline
18550.0,5,-0.08764383086647438,baseline
18570.0,34,-0.07685293678000833,baseline
18580.0,8,-0.08652753147821927,baseline
18600.0,1,-0.08913223005081453,baseline
18610.0,3,-0.08838803045864445,baseline
18620.0,4,-0.08801593066255942,baseline
18630.0,1,-0.08913223005081453,baseline
18640.0,5,-0.08764383086647438,baseline
18650.0,1,-0.08913223005081453,baseline
18660.0,2,-0.0887601302547295,baseline
18670.0,4,-0.08801593066255942,baseline
18680.0,1,-0.08913223005081453,baseline
18690.0,1,-0.08913223005081453,baseline
18700.0,3,-0.08838803045864445,baseline
18730.0,3,-0.08838803045864445,baseline
18740.0,1,-0.08913223005081453,baseline
18750.0,4,-0.08801593066255942,baseline
18760.0,4,-0.08801593066255942,baseline
18770.0,1,-0.08913223005081453,baseline
18780.0,4,-0.08801593066255942,baseline
18790.0,1,-0.08913223005081453,baseline
18800.0,1,-0.08913223005081453,baseline
18810.0,1,-0.08913223005081453,baseline
18820.0,1,-0.08913223005081453,baseline
18830.0,5,-0.08764383086647438,baseline
18840.0,3,-0.08838803045864445,baseline
18850.0,2,-0.0887601302547295,baseline
18860.0,1,-0.08913223005081453,baseline
18870.0,1,-0.08913223005081453,baseline
18880.0,4,-0.08801593066255942,baseline
18890.0,2,-0.0887601302547295,baseline
18900.0,1,-0.08913223005081453,baseline
18910.0,1,-0.08913223005081453,baseline
18920.0,1,-0.08913223005081453,baseline
18930.0,4,-0.08801593066255942,baseline
18970.0,1,-0.08913223005081453,baseline
19000.0,2,-0.0887601302547295,baseline
19010.0,3,-0.08838803045864445,baseline
19020.0,1,-0.08913223005081453,baseline
19030.0,1,-0.08913223005081453,baseline
19040.0,3,-0.08838803045864445,baseline
19050.0,1,-0.08913223005081453,baseline
19060.0,1,-0.08913223005081453,baseline
19080.0,1,-0.08913223005081453,baseline
19120.0,1,-0.08913223005081453,baseline
19130.0,3,-0.08838803045864445,baseline
19140.0,1,-0.08913223005081453,baseline
19150.0,2,-0.0887601302547295,baseline
19160.0,2,-0.0887601302547295,baseline
19170.0,1,-0.08913223005081453,baseline
19180.0,1,-0.08913223005081453,baseline
19190.0,1,-0.08913223005081453,baseline
19200.0,1,-0.08913223005081453,baseline
19230.0,1,-0.08913223005081453,baseline
19260.0,3,-0.08838803045864445,baseline
19270.0,3,-0.08838803045864445,baseline
19280.0,1,-0.08913223005081453,baseline
19290.0,9,-0.08615543168213424,baseline
19300.0,1,-0.08913223005081453,baseline
19310.0,2,-0.0887601302547295,baseline
19320.0,1,-0.08913223005081453,baseline
19350.0,1,-0.08913223005081453,baseline
19380.0,1,-0.08913223005081453,baseline
19390.0,4,-0.08801593066255942,baseline
19400.0,1,-0.08913223005081453,baseline
19410.0,1,-0.08913223005081453,baseline
19420.0,4,-0.08801593066255942,baseline
19430.0,2,-0.0887601302547295,baseline
19440.0,1,-0.08913223005081453,baseline
19460.0,1,-0.08913223005081453,baseline
19480.0,4,-0.08801593066255942,baseline
19490.0,2,-0.0887601302547295,baseline
19500.0,3,-0.08838803045864445,baseline
19510.0,2,-0.0887601302547295,baseline
19520.0,4,-0.08801593066255942,baseline
19530.0,1,-0.08913223005081453,baseline
19540.0,2,-0.0887601302547295,baseline
19550.0,2,-0.0887601302547295,baseline
19560.0,1,-0.08913223005081453,baseline
19570.0,1,-0.08913223005081453,baseline
19580.0,1,-0.08913223005081453,baseline
19610.0,49,-0.0712714398387328,baseline
19620.0,3,-0.08838803045864445,baseline
19630.0,1,-0.08913223005081453,baseline
19640.0,6,-0.08727173107038934,baseline
19650.0,4,-0.08801593066255942,baseline
19670.0,10,-0.0857833318860492,baseline
19680.0,26,-0.07982973514868863,baseline
19690.0,1,-0.08913223005081453,baseline
19700.0,3,-0.08838803045864445,baseline
19710.0,26,-0.07982973514868863,baseline
19720.0,4,-0.08801593066255942,baseline
19730.0,22,-0.08131813433302877,baseline
19740.0,27,-0.07945763535260358,baseline
19750.0,7,-0.0868996312743043,baseline
