bin,packets,bytes
0.0,10,2376
30.0,4,240
50.0,6,2136
60.0,4,240
90.0,5,362
100.0,8,2316
120.0,4,240
150.0,4,240
160.0,6,2136
180.0,6,420
210.0,5,362
220.0,6,2136
240.0,4,240
270.0,10,2376
300.0,4,240
330.0,11,2498
360.0,4,240
380.0,6,2136
390.0,4,240
420.0,4,240
440.0,6,2136
450.0,5,362
480.0,4,240
490.0,6,2136
510.0,4,240
540.0,4,240
550.0,6,2136
570.0,3,242
600.0,10,2376
630.0,14,1167
660.0,10,2376
690.0,5,362
710.0,6,2136
720.0,4,240
750.0,4,240
770.0,6,2136
780.0,4,240
810.0,5,362
820.0,6,2136
840.0,4,240
870.0,10,2376
880.0,4,300
900.0,4,240
930.0,11,2498
960.0,4,240
980.0,8,2316
990.0,4,240
1020.0,4,240
1040.0,6,2136
1050.0,5,362
1080.0,4,240
1090.0,6,2136
1110.0,4,240
1140.0,4,240
1150.0,8,2316
1160.0,2,120
1170.0,5,362
1200.0,10,2376
1220.0,2,180
1230.0,2,120
1260.0,10,2376
1290.0,3,242
1310.0,6,2136
1320.0,4,240
1350.0,2,120
1360.0,6,2136
1380.0,4,240
1410.0,9,2378
1440.0,4,240
1470.0,8,2256
1500.0,4,240
1520.0,6,2136
1530.0,11,1043
1560.0,4,240
1570.0,6,2136
1590.0,2,120
1620.0,10,2376
1650.0,3,242
1670.0,6,2136
1680.0,4,240
1710.0,2,120
1720.0,6,2136
1740.0,4,240
1770.0,9,2378
1800.0,4,240
1830.0,8,2256
1860.0,4,240
1880.0,6,2136
1890.0,3,242
1910.0,4,300
1920.0,2,120
1930.0,6,2136
1950.0,2,120
1980.0,10,2376
2010.0,3,242
2030.0,6,2136
2040.0,4,240
2070.0,4,300
2090.0,6,2136
2100.0,4,240
2130.0,3,242
2140.0,6,2136
2160.0,4,240
2190.0,10,2376
2220.0,6,420
2240.0,6,2136
2250.0,3,242
2280.0,4,240
2290.0,8,2316
2300.0,2,120
2310.0,3,180
2340.0,4,240
2350.0,6,2136
2370.0,5,362
2400.0,4,240
2410.0,6,2136
2430.0,12,1041
2460.0,8,2256
2490.0,5,362
2520.0,10,2376
2550.0,4,240
2580.0,10,2376
2610.0,5,362
2630.0,6,2136
2640.0,4,240
2670.0,4,240
2690.0,6,2136
2700.0,2,120
2730.0,5,362
2740.0,6,2136
2760.0,4,240
2790.0,10,2376
2820.0,4,240
2850.0,11,2498
2880.0,4,240
2900.0,6,2136
2910.0,4,240
2940.0,4,240
2960.0,6,2136
2970.0,3,242
2990.0,4,300
3000.0,2,120
3010.0,6,2136
3030.0,4,240
3060.0,4,240
3070.0,6,2136
3090.0,5,362
3110.0,2,180
3120.0,10,2376
3150.0,4,240
3180.0,10,2376
3210.0,5,362
3230.0,6,2136
3240.0,5,300
3270.0,4,240
3290.0,2,180
3300.0,10,2376
3320.0,34,8891
3330.0,14,1209
3340.0,2,180
3350.0,6,2136
3360.0,4,240
3390.0,4,240
3410.0,6,2136
3420.0,4,240
3450.0,5,362
3460.0,6,2136
3480.0,4,240
3510.0,4,240
3520.0,6,2136
3540.0,4,240
3570.0,5,362
3580.0,6,2136
3600.0,4,240
3630.0,10,2376
3660.0,4,240
3690.0,9,2378
3720.0,4,240
3750.0,10,2376
3780.0,4,240
3800.0,6,2136
3810.0,3,242
3840.0,4,240
3850.0,6,2136
3870.0,4,240
3900.0,4,240
3910.0,6,2136
3930.0,5,362
3960.0,10,2376
3990.0,4,240
4020.0,10,2376
4050.0,5,362
4070.0,8,2316
4080.0,4,240
4110.0,4,240
4130.0,6,2136
4140.0,4,240
4170.0,5,362
4180.0,6,2136
4200.0,4,240
4230.0,14,1167
4240.0,6,2136
4260.0,4,240
4290.0,11,2498
4320.0,4,240
4350.0,10,2376
4380.0,4,240
4400.0,6,2136
4410.0,5,362
4440.0,4,240
4460.0,6,2136
4470.0,4,240
4500.0,4,240
4510.0,6,2136
4530.0,5,362
4560.0,4,240
4570.0,6,2136
4590.0,4,240
4620.0,10,2376
4650.0,5,362
4670.0,4,1426
4680.0,6,950
4710.0,4,240
4730.0,6,2136
4740.0,4,240
4770.0,5,362
4780.0,6,2136
4800.0,4,240
4830.0,4,240
4840.0,6,2136
4860.0,4,240
4890.0,11,2498
4920.0,4,240
4950.0,10,2376
4980.0,4,240
5000.0,6,2136
5010.0,5,362
5040.0,2,120
5060.0,6,2136
5070.0,4,240
5100.0,4,240
5110.0,6,2136
5130.0,11,1029
5160.0,4,240
5170.0,6,2136
5190.0,4,240
5220.0,10,2376
5250.0,3,242
5260.0,2,180
5270.0,2,120
5280.0,8,2256
5310.0,4,240
5330.0,6,2136
5340.0,4,240
5370.0,3,242
5390.0,8,2316
5400.0,4,240
5430.0,4,240
5450.0,6,2136
5460.0,6,420
5490.0,5,362
5500.0,6,2136
5520.0,4,240
5550.0,10,2376
5580.0,4,240
5610.0,11,2498
5640.0,4,240
5660.0,6,2136
5670.0,4,240
5700.0,4,240
5710.0,6,2136
5730.0,5,362
5760.0,4,240
5770.0,6,2136
5790.0,4,240
5820.0,10,2376
5850.0,5,362
5880.0,10,2376
5910.0,4,240
5940.0,10,2376
5970.0,5,362
5990.0,6,2136
6000.0,4,240
6030.0,14,1159
6040.0,2,120
6050.0,6,2136
6060.0,4,240
6090.0,5,362
6100.0,6,2136
6120.0,4,240
6130.0,1,60
6150.0,5,330
6160.0,9,2346
6180.0,4,240
6210.0,11,2498
6240.0,2,120
6270.0,10,2376
6300.0,4,240
6320.0,6,2136
6330.0,3,242
6360.0,4,240
6380.0,6,2136
6390.0,4,240
6420.0,4,240
6430.0,6,2136
6450.0,5,362
6480.0,10,2376
6510.0,4,240
6540.0,10,2376
6570.0,3,242
6590.0,6,2136
6600.0,4,240
6630.0,4,240
6650.0,6,2136
6660.0,4,240
6690.0,5,362
6700.0,6,2136
6720.0,4,240
6750.0,4,240
6760.0,6,2136
6780.0,4,240
6810.0,11,2498
6840.0,4,240
6870.0,10,2376
6900.0,4,240
6920.0,40,11039
6930.0,13,1163
6960.0,4,240
6980.0,6,2136
6990.0,4,240
7020.0,4,240
7030.0,6,2136
7050.0,5,362
7080.0,4,240
7090.0,6,2136
7110.0,4,240
7140.0,10,2376
7170.0,5,362
7190.0,6,2136
7200.0,4,240
7230.0,4,240
7250.0,6,2136
7260.0,4,240
7290.0,5,362
7300.0,6,2136
7320.0,4,240
7350.0,4,240
7360.0,6,2136
7380.0,4,240
7410.0,13,2678
7440.0,4,240
7470.0,10,2376
7500.0,4,240
7520.0,6,2136
7530.0,5,362
7560.0,4,300
7580.0,6,2136
7590.0,4,240
7600.0,2,180
7610.0,2,120
7620.0,2,120
7630.0,6,2136
7650.0,5,362
7680.0,2,120
7690.0,6,2136
7710.0,4,240
7740.0,4,240
7750.0,6,2136
7770.0,3,242
7800.0,10,2376
7830.0,12,1027
7840.0,2,120
7850.0,6,2136
7860.0,2,120
7890.0,5,362
7900.0,6,2136
7920.0,4,240
7950.0,4,240
7960.0,6,2136
7980.0,4,240
8010.0,5,362
8020.0,6,2136
8040.0,4,240
8070.0,10,2376
8100.0,4,240
8130.0,12,2558
8160.0,4,240
8190.0,10,2376
8220.0,4,240
8230.0,1,60
8250.0,6,422
8270.0,2,180
8280.0,4,240
8300.0,6,2136
8310.0,4,240
8340.0,4,240
8350.0,6,2136
8370.0,5,362
8400.0,4,240
8410.0,6,2136
8430.0,4,240
8460.0,5,300
8470.0,6,2136
8490.0,5,362
8520.0,2,120
8530.0,6,2136
8550.0,4,240
8580.0,8,2256
8610.0,5,362
8630.0,6,2136
8640.0,2,120
8670.0,4,240
8680.0,6,2136
8700.0,2,120
8730.0,15,1275
8740.0,6,2136
8760.0,2,120
8790.0,10,2376
8820.0,2,120
8840.0,6,2136
8850.0,5,362
8880.0,2,120
8890.0,6,2136
8910.0,4,240
8940.0,8,2256
8970.0,5,362
8990.0,5,1781
9000.0,3,475
9030.0,4,240
9050.0,6,2136
9060.0,2,120
9090.0,5,362
9100.0,6,2136
9120.0,4,240
9150.0,10,2376
9180.0,4,240
9200.0,6,2136
9210.0,5,362
9240.0,4,240
9250.0,6,2136
9270.0,4,240
9300.0,4,240
9310.0,6,2136
9330.0,5,362
9360.0,8,2256
9390.0,4,240
9410.0,6,2136
9420.0,2,120
9450.0,5,362
9460.0,6,2136
9470.0,2,180
9480.0,2,120
9510.0,4,240
9520.0,6,2136
9540.0,2,120
9570.0,11,2498
9600.0,2,120
9620.0,6,2136
9630.0,12,1027
9640.0,2,120
9660.0,2,120
9670.0,6,2136
9690.0,5,362
9700.0,2,180
9710.0,2,180
9720.0,2,120
9730.0,6,2136
9750.0,4,240
9780.0,10,2376
9810.0,3,242
9830.0,6,2136
9840.0,4,240
9870.0,4,240
9880.0,6,2136
9900.0,4,240
9930.0,11,2498
9960.0,4,240
9980.0,6,2136
9990.0,4,240
10020.0,4,240
10040.0,6,2136
10050.0,5,362
10080.0,4,240
10090.0,6,2136
10110.0,4,240
10140.0,10,2376
10170.0,5,362
10190.0,6,2136
10200.0,4,240
10230.0,4,240
10240.0,6,2136
10260.0,4,240
10290.0,11,2498
10320.0,4,240
10330.0,4,300
10350.0,10,2376
10380.0,4,240
10400.0,6,2136
10410.0,5,362
10440.0,4,240
10450.0,6,2136
10470.0,4,240
10500.0,10,2376
10520.0,34,8903
10530.0,14,1209
10550.0,6,2136
10560.0,2,120
10590.0,4,240
10610.0,6,2136
10620.0,4,240
10650.0,3,242
10660.0,6,2136
10680.0,4,240
10710.0,10,2376
10740.0,4,240
10760.0,6,2136
10770.0,3,242
10800.0,4,240
10820.0,6,2136
10830.0,4,240
10860.0,4,240
10870.0,6,2136
10890.0,5,362
10920.0,10,2376
10950.0,4,240
10970.0,6,2136
10980.0,4,240
11010.0,5,362
11020.0,6,2136
11040.0,4,240
11070.0,10,2376
11100.0,4,240
11130.0,11,2498
11160.0,4,240
11180.0,6,2136
11190.0,4,240
11220.0,4,240
11230.0,6,2136
11250.0,5,362
11280.0,10,2376
11310.0,4,240
11330.0,6,2136
11340.0,4,240
11370.0,5,362
11390.0,6,2136
11400.0,4,240
11430.0,13,1087
11440.0,8,2256
11460.0,2,120
11490.0,11,2498
11520.0,4,240
11540.0,10,2436
11550.0,4,240
11580.0,4,240
11590.0,4,1426
11600.0,2,710
11610.0,5,362
11640.0,4,240
11650.0,6,2136
11670.0,4,240
11700.0,10,2376
11730.0,5,362
11750.0,6,2136
11760.0,2,120
11770.0,2,180
11780.0,2,120
11790.0,4,240
11800.0,6,2136
11820.0,2,120
11850.0,11,2498
11860.0,2,180
11880.0,2,120
11900.0,5,1781
11910.0,5,595
11940.0,4,240
11960.0,6,2136
11970.0,3,242
12000.0,4,240
12010.0,6,2136
12030.0,4,240
12060.0,10,2376
12090.0,6,422
12110.0,6,2136
12120.0,4,240
12150.0,4,240
12160.0,6,2136
12180.0,4,240
12210.0,6,422
12220.0,6,2136
12240.0,4,240
12270.0,10,2376
12300.0,4,240
12320.0,6,2136
12330.0,15,1275
12360.0,2,120
12370.0,6,2136
12390.0,4,240
12420.0,10,2376
12440.0,4,300
12450.0,3,242
12480.0,10,2376
12510.0,4,240
12530.0,6,2136
12540.0,4,240
12570.0,5,362
12580.0,6,2136
12600.0,4,240
12630.0,10,2376
12660.0,4,240
12680.0,6,2136
12690.0,3,242
12720.0,4,240
12740.0,6,2136
12750.0,4,240
12780.0,4,240
12790.0,6,2136
12810.0,3,242
12840.0,10,2376
12870.0,4,240
12890.0,6,2136
12900.0,4,240
12930.0,5,362
12940.0,6,2136
12960.0,4,240
12990.0,4,240
13000.0,6,2136
13020.0,4,240
13050.0,12,2558
13080.0,4,240
13100.0,6,2136
13110.0,4,240
13140.0,4,240
13150.0,6,2136
13170.0,6,422
13200.0,4,240
13210.0,6,2136
13230.0,13,1087
13240.0,2,120
13260.0,10,2376
13290.0,5,362
13310.0,6,2136
13320.0,4,240
13350.0,4,240
13360.0,6,2136
13380.0,4,240
13410.0,11,2498
13440.0,4,240
13470.0,10,2376
13500.0,4,240
13520.0,6,2136
13530.0,5,362
13560.0,4,240
13570.0,6,2136
13590.0,4,240
13600.0,2,180
13610.0,2,120
13620.0,10,2376
13650.0,5,362
13670.0,6,2136
13680.0,4,240
13710.0,4,240
13720.0,4,1426
13730.0,2,710
13740.0,4,240
13770.0,5,362
13780.0,6,2136
13800.0,4,240
13830.0,10,2376
13860.0,4,240
13880.0,6,2136
13890.0,5,362
13920.0,6,420
13930.0,6,2136
13950.0,6,420
13980.0,10,2376
14010.0,5,362
14030.0,6,2136
14040.0,4,240
14070.0,4,240
14090.0,6,2136
14100.0,4,240
14120.0,51,11807
14130.0,13,1149
14140.0,6,2136
14160.0,4,240
14190.0,10,2376
14220.0,4,240
14240.0,6,2136
14250.0,3,242
14280.0,4,240
14290.0,6,2136
14310.0,4,240
14340.0,4,240
14350.0,6,2136
14370.0,3,242
14400.0,10,2376
14430.0,4,240
14450.0,6,2136
14460.0,4,240
14490.0,3,242
14500.0,6,2136
14520.0,6,420
14550.0,4,240
14560.0,6,2136
14580.0,4,240
14610.0,9,2378
14640.0,4,240
14660.0,6,2136
14670.0,4,240
14700.0,4,240
14710.0,6,2136
14730.0,3,242
14760.0,4,240
14770.0,6,2136
14790.0,4,240
14820.0,10,2376
14850.0,5,362
14870.0,6,2136
14880.0,4,240
14910.0,4,240
14920.0,6,2136
14940.0,4,240
14970.0,8,1427
14980.0,3,1071
15000.0,4,240
15030.0,20,3289
15040.0,2,120
15060.0,2,120
15080.0,6,2136
15090.0,5,362
15120.0,4,240
15130.0,6,2136
15150.0,4,240
15180.0,10,2376
15210.0,5,362
15230.0,6,2136
15240.0,2,120
15270.0,4,240
15280.0,6,2136
15300.0,4,240
15330.0,3,242
15340.0,6,2136
15360.0,4,240
15390.0,10,2376
15420.0,4,240
15440.0,6,2136
15450.0,5,362
15480.0,4,240
15490.0,6,2136
15510.0,4,240
15540.0,4,240
15550.0,6,2136
15570.0,5,362
15600.0,10,2376
15630.0,4,240
15650.0,6,2136
15660.0,4,240
15690.0,5,362
15700.0,6,2136
15720.0,4,240
15750.0,10,2376
15760.0,4,300
15780.0,4,240
15800.0,6,2136
15810.0,5,362
15840.0,4,240
15850.0,6,2136
15870.0,4,240
15900.0,10,2376
15930.0,15,1275
15960.0,10,2376
15990.0,4,240
16010.0,6,2136
16020.0,4,240
16050.0,7,542
16060.0,6,2136
16080.0,4,240
16090.0,2,180
16100.0,2,120
16110.0,10,2376
16140.0,4,240
16160.0,6,2136
16170.0,5,362
16200.0,4,240
16220.0,6,2136
16230.0,4,240
16260.0,4,240
16270.0,6,2136
16290.0,5,362
16320.0,8,2256
16350.0,4,240
16370.0,6,2136
16380.0,4,240
16410.0,3,242
16430.0,6,2136
16440.0,4,240
16470.0,4,240
16480.0,6,2136
16500.0,4,240
16530.0,9,2378
16560.0,4,240
16580.0,6,2136
16590.0,4,240
16620.0,4,240
16630.0,6,2136
16640.0,4,300
16650.0,5,362
16680.0,10,2376
16710.0,4,240
16730.0,6,2136
16740.0,4,240
16770.0,5,362
16790.0,6,2136
16800.0,4,240
16830.0,14,1167
16840.0,8,2256
16860.0,4,240
16890.0,9,2378
16920.0,4,240
16950.0,10,2376
16980.0,4,240
17000.0,6,2136
17010.0,3,242
17040.0,4,240
17050.0,6,2136
17070.0,4,240
17100.0,10,2376
17130.0,3,242
17150.0,6,2136
17160.0,4,240
17190.0,4,240
17210.0,6,2136
17220.0,4,240
17250.0,3,242
17260.0,6,2136
17280.0,4,240
17310.0,10,2376
17340.0,4,240
17360.0,6,2136
17370.0,3,242
17400.0,4,240
17410.0,6,2136
17430.0,4,240
17460.0,10,2376
17490.0,5,362
17520.0,10,2376
17550.0,4,240
17570.0,6,2136
17580.0,4,240
17610.0,5,362
17620.0,6,2136
17640.0,4,240
17670.0,10,2376
17700.0,4,240
17720.0,34,8909
17730.0,19,3285
17760.0,2,120
17780.0,6,2136
17790.0,4,240
17820.0,4,240
17830.0,6,2136
17850.0,3,242
17880.0,10,2376
17910.0,4,240
17920.0,2,180
17930.0,8,2256
17940.0,2,120
17970.0,5,362
17980.0,6,2136
18000.0,4,240
18030.0,4,240
18040.0,6,2136
18060.0,4,240
18090.0,11,2498
18120.0,4,240
18130.0,2,180
18140.0,8,2256
18150.0,4,240
18180.0,4,240
18190.0,6,2136
18210.0,5,362
18240.0,10,2376
18260.0,2,180
18270.0,4,240
18290.0,6,2136
18300.0,4,240
18330.0,5,362
18340.0,6,2136
18360.0,2,120
18390.0,4,240
18400.0,6,2136
18420.0,4,240
18450.0,9,2378
18480.0,4,240
18500.0,6,2136
18510.0,4,240
18540.0,4,240
18560.0,6,2136
18570.0,3,242
18600.0,4,240
18610.0,6,2136
18630.0,12,1027
18660.0,8,2256
18690.0,5,362
18710.0,8,2316
18720.0,4,240
18750.0,4,240
18760.0,6,2136
18780.0,4,240
18810.0,11,2498
18840.0,4,240
18870.0,10,2376
18900.0,4,240
18920.0,6,2136
18930.0,5,362
18960.0,4,240
18970.0,6,2136
18990.0,4,240
19020.0,10,2376
19050.0,5,362
19070.0,6,2136
19080.0,4,240
19110.0,4,240
19120.0,4,1426
19130.0,2,710
19140.0,4,240
19170.0,5,362
19180.0,6,2136
19200.0,4,240
19230.0,10,2376
19260.0,4,240
19280.0,6,2136
19290.0,5,362
19320.0,4,240
19330.0,6,2136
19350.0,4,240
19380.0,10,2376
19410.0,5,362
19440.0,10,2376
19470.0,4,240
19490.0,6,2136
19500.0,4,240
19530.0,15,1275
19540.0,6,2136
19560.0,4,240
19590.0,10,2376
19620.0,4,240
19650.0,11,2498
19680.0,4,240
19700.0,6,2136
19710.0,4,240
19740.0,4,240
19750.0,6,2136
19770.0,5,362
19800.0,8,2256
19830.0,4,240
19850.0,6,2136
19860.0,4,240
19890.0,3,242
19900.0,1,352
19910.0,5,1784
19920.0,4,240
19950.0,4,240
19960.0,6,2136
19980.0,4,240
20010.0,11,2558
20040.0,4,240
20060.0,6,2136
20070.0,4,240
20100.0,4,240
20110.0,6,2136
20130.0,3,242
20160.0,7,1305
20170.0,3,1071
20190.0,4,240
20220.0,10,2376
20240.0,2,180
20250.0,7,482
20270.0,6,2136
20280.0,4,240
20310.0,4,240
20320.0,6,2136
20340.0,4,240
20370.0,11,2498
20390.0,2,180
20400.0,4,240
20420.0,2,704
20430.0,16,2459
20440.0,2,120
20460.0,2,120
20480.0,6,2136
20490.0,5,362
20520.0,4,240
20530.0,6,2136
20550.0,4,240
20580.0,10,2376
20610.0,5,362
20630.0,6,2136
20640.0,4,240
20670.0,4,240
20680.0,6,2136
20700.0,4,240
20730.0,5,362
20740.0,6,2136
20760.0,2,120
20790.0,10,2376
20820.0,4,240
20840.0,8,2316
20850.0,3,242
20880.0,4,240
20890.0,6,2136
20910.0,4,240
20940.0,4,240
20950.0,6,2136
20970.0,3,242
21000.0,10,2376
21030.0,4,240
21050.0,6,2136
21060.0,4,240
21090.0,5,362
21100.0,6,2136
21120.0,4,240
21150.0,10,2376
21180.0,4,240
21200.0,6,2136
21210.0,5,362
21240.0,4,240
21250.0,6,2136
21270.0,4,240
21300.0,10,2376
21320.0,34,8903
21330.0,13,1149
21360.0,10,2376
21390.0,4,240
21410.0,6,2136
21420.0,4,240
21450.0,5,362
21460.0,6,2136
21480.0,4,240
21510.0,10,2376
21540.0,4,240
21560.0,6,2136
21570.0,5,362
21600.0,2,120
21610.0,6,2136
21630.0,4,240
21660.0,4,240
21670.0,6,2136
21690.0,3,242
21720.0,10,2376
21750.0,4,240
21770.0,6,2136
21780.0,4,240
21810.0,4,302
21820.0,6,2136
21840.0,4,240
21870.0,10,2376
21900.0,4,240
21930.0,10,2438
21960.0,4,240
21980.0,6,2136
21990.0,4,240
22020.0,4,240
22030.0,6,2136
22050.0,5,362
22080.0,10,2376
22110.0,4,240
22130.0,6,2136
22140.0,4,240
22170.0,5,362
22180.0,8,2316
22200.0,4,240
22230.0,15,1505
22240.0,5,1784
22260.0,2,120
22290.0,11,2498
22300.0,2,180
22320.0,4,240
22340.0,6,2136
22350.0,4,240
22380.0,4,240
22390.0,6,2136
22410.0,5,362
22440.0,10,2376
22470.0,6,420
22490.0,6,2136
22500.0,4,240
22530.0,5,362
22550.0,6,2136
22560.0,4,240
22590.0,4,240
22600.0,6,2136
22620.0,4,240
22650.0,9,2378
22680.0,4,240
22700.0,6,2136
22710.0,4,240
22740.0,4,240
22760.0,6,2136
22770.0,4,302
22800.0,4,240
22810.0,6,2136
22830.0,4,240
22860.0,10,2376
22890.0,6,422
22910.0,8,2316
22920.0,4,240
22950.0,4,240
22960.0,6,2136
22980.0,4,240
23010.0,5,362
23020.0,6,2136
23040.0,4,240
23070.0,10,2376
23100.0,4,240
23120.0,6,2136
23130.0,13,1149
23160.0,4,240
23170.0,6,2136
23190.0,4,240
23220.0,4,240
23230.0,6,2136
23250.0,5,362
23280.0,10,2376
23310.0,4,240
23330.0,6,2136
23340.0,4,240
23370.0,5,362
23380.0,6,2136
23400.0,4,240
23430.0,10,2376
23460.0,4,240
23480.0,6,2136
23490.0,5,362
23520.0,4,240
23540.0,6,2136
23550.0,4,240
23580.0,4,240
23590.0,6,2136
23610.0,5,362
23640.0,10,2376
23670.0,4,240
23690.0,6,2136
23700.0,4,240
23730.0,5,362
23750.0,6,2136
23760.0,4,240
23790.0,4,240
23800.0,6,2136
23820.0,4,240
23850.0,11,2498
23880.0,4,240
23900.0,6,2136
23910.0,4,240
23940.0,4,240
23950.0,6,2136
23970.0,5,362
24000.0,4,240
24010.0,6,2136
24030.0,12,1027
24040.0,2,120
24060.0,10,2376
24090.0,5,362
24110.0,6,2136
24120.0,4,240
24150.0,4,240
24160.0,6,2136
24180.0,4,240
24210.0,11,2498
24240.0,4,240
24270.0,10,2376
24300.0,4,240
24320.0,6,2136
24330.0,5,362
24360.0,4,240
24370.0,6,2136
24390.0,4,240
24420.0,10,2376
24450.0,5,362
24470.0,6,2136
24480.0,4,240
24510.0,4,240
24530.0,6,2136
24540.0,4,240
24570.0,5,362
24580.0,6,2136
24600.0,2,120
24630.0,10,2376
24660.0,4,240
24680.0,6,2136
24690.0,3,242
24720.0,4,240
24730.0,6,2136
24750.0,4,240
24780.0,10,2376
24810.0,3,242
24840.0,10,2376
24870.0,4,240
24890.0,6,2136
24900.0,4,240
24920.0,35,8963
24930.0,12,1089
24940.0,6,2136
24960.0,4,240
24990.0,10,2376
25020.0,4,240
25040.0,4,1426
25050.0,5,952
25080.0,4,240
25100.0,6,2136
25110.0,4,240
25140.0,4,240
25150.0,6,2136
25170.0,3,242
25200.0,10,2376
25230.0,4,240
25250.0,6,2136
25260.0,4,240
25290.0,3,242
25300.0,6,2136
25320.0,4,240
25350.0,4,240
25360.0,6,2136
25380.0,4,240
25410.0,9,2378
25440.0,4,240
25460.0,6,2136
25470.0,4,240
25500.0,4,240
25510.0,6,2136
25530.0,3,242
25560.0,10,2376
25590.0,4,240
25620.0,10,2376
25650.0,5,362
25670.0,6,2136
25680.0,4,240
25710.0,4,240
25720.0,6,2136
25740.0,4,240
25770.0,11,2498
25800.0,2,120
25820.0,6,2136
25830.0,12,1027
25840.0,2,120
25860.0,2,120
25880.0,6,2136
25890.0,5,362
25920.0,2,120
25930.0,6,2136
25950.0,4,240
25980.0,10,2376
26010.0,3,242
26030.0,6,2136
26040.0,4,240
26070.0,4,240
26080.0,6,2136
26100.0,4,240
26130.0,9,2378
26160.0,4,240
26190.0,10,2376
26220.0,4,240
26240.0,6,2136
26250.0,3,242
26280.0,4,240
26290.0,6,2136
26310.0,4,240
26340.0,10,2376
26370.0,3,242
26390.0,8,2316
26400.0,4,240
26430.0,4,240
26450.0,6,2136
26460.0,4,240
26490.0,5,362
26500.0,6,2136
26520.0,4,240
26530.0,4,300
26550.0,10,2376
26580.0,4,240
26610.0,11,2498
26640.0,4,240
26660.0,6,2136
26670.0,4,240
26700.0,4,240
26710.0,6,2136
26730.0,15,1335
26740.0,2,120
26760.0,8,2256
26790.0,4,240
26810.0,6,2136
26820.0,4,240
26850.0,3,242
26870.0,6,2136
26880.0,4,240
26910.0,4,240
26920.0,6,2136
26940.0,4,240
26970.0,9,2378
27000.0,4,240
27020.0,6,2136
27030.0,4,240
27060.0,4,240
27070.0,6,2136
27090.0,3,242
27120.0,10,2376
27150.0,4,240
27170.0,3,1065
27180.0,7,1311
27200.0,1,90
27210.0,6,452
27230.0,6,2136
27240.0,4,240
27270.0,4,240
27280.0,6,2136
27300.0,4,240
27330.0,11,2498
27360.0,4,240
27380.0,6,2136
27390.0,4,240
27420.0,4,240
27430.0,6,2136
27450.0,5,362
27480.0,4,240
27490.0,6,2136
27510.0,4,240
27540.0,10,2376
27570.0,5,362
27590.0,6,2136
27600.0,4,240
27630.0,12,1027
27640.0,8,2256
27660.0,2,120
27690.0,11,2498
27720.0,4,240
27750.0,10,2376
27780.0,4,240
27800.0,6,2136
27810.0,5,362
27840.0,4,240
27850.0,6,2136
27870.0,4,240
27900.0,10,2376
27930.0,3,242
27950.0,6,2136
27960.0,4,240
27990.0,4,240
28000.0,6,2136
28020.0,4,240
28050.0,5,362
28060.0,6,2136
28080.0,4,240
28110.0,10,2376
28140.0,4,240
28160.0,6,2136
28170.0,5,362
28200.0,4,240
28210.0,6,2136
28230.0,4,240
28260.0,4,240
28270.0,6,2136
28290.0,5,362
28320.0,10,2376
28350.0,4,240
28370.0,6,2136
28380.0,4,240
28410.0,5,362
28420.0,6,2136
28440.0,4,240
28470.0,4,240
28480.0,6,2136
28500.0,6,924
28520.0,33,8837
28530.0,21,3425
28560.0,4,240
28580.0,6,2136
28590.0,4,240
28620.0,4,240
28630.0,6,2136
28650.0,3,242
28680.0,10,2376
28710.0,4,240
28730.0,6,2136
28740.0,4,240
28770.0,5,362
28780.0,5,1781
28790.0,1,355
28800.0,4,240
28830.0,4,240
28840.0,6,2136
28860.0,4,240
28890.0,11,2498
28920.0,4,240
28940.0,6,2136
28950.0,4,240
28980.0,4,240
28990.0,6,2136
29010.0,5,362
29040.0,10,2376
29070.0,4,240
29100.0,10,2376
29130.0,5,362
29150.0,6,2136
29160.0,4,240
29190.0,4,240
29200.0,6,2136
29220.0,4,240
29250.0,11,2498
29280.0,4,240
29300.0,6,2136
29310.0,4,240
29340.0,4,240
29360.0,6,2136
29370.0,5,362
29400.0,4,240
29410.0,6,2136
29430.0,5,316
29440.0,9,845
29460.0,10,2376
29490.0,5,362
29510.0,6,2136
29520.0,4,240
29550.0,4,240
29560.0,6,2136
29580.0,4,240
29610.0,8,1126
29620.0,4,1432
29640.0,4,240
29670.0,10,2376
29700.0,4,240
29720.0,6,2136
29730.0,4,302
29760.0,4,240
29770.0,6,2136
29790.0,4,240
29820.0,4,240
29830.0,6,2136
29850.0,5,362
29880.0,10,2376
29910.0,4,240
29930.0,6,2136
29940.0,4,240
29970.0,5,362
29980.0,6,2136
30000.0,4,240
30030.0,10,2376
30060.0,4,240
30090.0,11,2498
30120.0,4,240
30140.0,6,2136
30150.0,4,240
30180.0,4,240
30190.0,6,2136
30210.0,5,362
30240.0,10,2376
30270.0,4,240
30290.0,6,2136
30300.0,4,240
30330.0,5,362
30340.0,16,3063
30360.0,4,240
30390.0,4,240
30400.0,6,2136
30420.0,4,240
30450.0,11,2498
30480.0,4,240
30500.0,6,2136
30510.0,4,240
30540.0,4,240
30550.0,6,2136
30570.0,8,602
30600.0,4,240
30610.0,6,2136
30630.0,4,240
30660.0,10,2376
30690.0,4,302
30710.0,6,2136
30720.0,4,240
30750.0,4,240
30760.0,8,2316
30770.0,2,120
30780.0,2,120
30810.0,11,2498
30840.0,4,240
30860.0,6,2136
30870.0,4,240
30900.0,4,240
30910.0,4,1426
30920.0,2,710
30930.0,5,362
30960.0,4,240
30970.0,6,2136
30990.0,4,240
31020.0,10,2376
31040.0,2,180
31050.0,5,362
31070.0,6,2136
31080.0,4,240
31110.0,4,240
31120.0,6,2136
31140.0,4,240
31170.0,5,362
31180.0,6,2136
31200.0,4,240
31230.0,10,2376
31240.0,12,1047
31260.0,4,240
31280.0,6,2136
31290.0,5,362
31320.0,4,240
31330.0,6,2136
31350.0,4,240
31380.0,10,2376
31410.0,5,362
31440.0,10,2376
31470.0,4,240
31490.0,6,2136
31500.0,4,240
31530.0,5,362
31540.0,8,2316
31560.0,4,240
31590.0,10,2376
31620.0,4,240
31640.0,6,2136
31650.0,5,362
31680.0,4,240
31690.0,6,2136
31710.0,4,240
31740.0,4,240
31750.0,6,2136
31770.0,5,362
31800.0,10,2376
31830.0,4,240
31850.0,6,2136
31860.0,4,240
31890.0,5,362
31900.0,6,2136
31920.0,4,240
31950.0,10,2376
31980.0,4,240
32000.0,6,2136
32010.0,5,362
32040.0,4,240
32060.0,6,2136
32070.0,4,240
32100.0,4,240
32110.0,6,2136
32120.0,34,8891
32130.0,5,362
32140.0,8,787
32160.0,10,2376
32190.0,4,240
32210.0,6,2136
32220.0,4,240
32250.0,5,362
32260.0,6,2136
32280.0,4,240
32310.0,4,240
32320.0,6,2136
32340.0,4,240
32370.0,11,2498
32400.0,4,240
32420.0,6,2136
32430.0,4,240
32460.0,4,240
32470.0,6,2136
32490.0,3,242
32520.0,10,2376
32550.0,4,240
32580.0,10,2376
32610.0,5,362
32630.0,6,2136
32640.0,4,240
32670.0,4,240
32680.0,6,2136
32700.0,4,240
32730.0,11,2498
32760.0,4,240
32780.0,6,2136
32790.0,4,240
32820.0,4,240
32840.0,6,2136
32850.0,5,362
32880.0,4,240
32890.0,6,2136
32910.0,4,240
32940.0,10,2376
32970.0,5,362
32990.0,6,2136
33000.0,4,240
33030.0,4,240
33040.0,14,2937
33060.0,2,120
33090.0,11,2498
33120.0,2,120
33140.0,5,1781
33150.0,5,595
33180.0,4,240
33200.0,6,2136
33210.0,5,362
33240.0,4,240
33250.0,6,2136
33270.0,4,240
33300.0,10,2376
33330.0,5,362
33360.0,10,2376
33390.0,4,240
33410.0,6,2136
33420.0,4,240
33450.0,3,242
33460.0,6,2136
33480.0,4,240
33510.0,10,2376
33540.0,4,240
33560.0,6,2136
33570.0,3,242
33600.0,4,240
33620.0,6,2136
33630.0,4,240
33660.0,4,240
33670.0,6,2136
33690.0,3,242
33720.0,10,2376
33750.0,4,240
33770.0,6,2136
33780.0,4,240
33810.0,3,242
33820.0,6,2136
33840.0,4,240
33870.0,4,240
33880.0,6,2136
33900.0,4,240
33930.0,9,2378
33940.0,12,1033
33960.0,2,120
33980.0,6,2136
33990.0,4,240
34020.0,4,240
34040.0,6,2136
34050.0,5,362
34080.0,4,240
34090.0,6,2136
34110.0,4,240
34140.0,10,2376
34170.0,5,362
34190.0,6,2136
34200.0,4,240
34230.0,4,240
34240.0,6,2136
34260.0,4,240
34290.0,11,2498
34320.0,2,120
34350.0,10,2376
34380.0,4,240
34400.0,6,2136
34410.0,3,242
34440.0,4,240
34450.0,6,2136
34470.0,4,240
34500.0,10,2376
34530.0,3,242
34550.0,6,2136
34560.0,4,240
34590.0,4,240
34600.0,6,2136
34620.0,4,240
34650.0,5,362
34660.0,6,2136
34680.0,4,240
34710.0,10,2376
34740.0,4,240
34760.0,6,2136
34770.0,5,362
34800.0,4,240
34810.0,6,2136
34830.0,4,240
34840.0,12,1033
34860.0,10,2376
34880.0,2,180
34890.0,5,362
34920.0,10,2376
34950.0,4,240
34970.0,6,2136
34980.0,6,420
35010.0,5,362
35020.0,6,2136
35040.0,4,240
35070.0,10,2376
35100.0,4,240
35120.0,6,2136
35130.0,5,362
35160.0,4,240
35180.0,6,2136
35190.0,4,240
35220.0,4,240
35230.0,6,2136
35250.0,3,242
35280.0,10,2376
35290.0,2,180
35300.0,2,120
35310.0,2,120
35330.0,6,2136
35340.0,4,240
35370.0,5,362
35380.0,6,2136
35400.0,2,120
35430.0,4,240
35440.0,6,2136
35460.0,4,240
35490.0,9,2378
35520.0,4,240
35540.0,6,2136
35550.0,4,240
35580.0,4,240
35590.0,6,2136
35610.0,3,242
35640.0,10,2376
35670.0,4,240
35690.0,6,2136
35700.0,6,420
35720.0,34,8891
35730.0,3,242
35740.0,9,861
35750.0,6,2136
35760.0,4,240
35790.0,4,240
35800.0,6,2136
35820.0,4,240
35850.0,11,2498
35880.0,4,240
35900.0,6,2136
35910.0,4,240
35940.0,4,240
35960.0,6,2136
35970.0,5,362
36000.0,4,240
36010.0,6,2136
36030.0,4,240
36060.0,10,2376
36090.0,6,422
36110.0,6,2136
36120.0,4,240
36150.0,4,240
36160.0,6,2136
36180.0,4,240
36210.0,12,2263
36220.0,1,355
36240.0,4,240
36270.0,10,2376
36300.0,4,240
36320.0,6,2136
36330.0,5,362
36360.0,4,240
36370.0,6,2136
36390.0,4,240
36420.0,10,2376
36450.0,5,362
36470.0,5,1781
36480.0,5,595
36510.0,4,240
36530.0,6,2136
36540.0,4,240
36570.0,5,362
36580.0,6,2136
36600.0,4,240
36630.0,10,2376
36640.0,8,787
36660.0,2,120
36680.0,6,2136
36690.0,5,362
36720.0,2,120
36730.0,6,2136
36750.0,4,240
36780.0,4,240
36790.0,6,2136
36810.0,3,242
36840.0,10,2376
36870.0,4,240
36890.0,6,2136
36900.0,4,240
36930.0,3,242
36940.0,6,2136
36960.0,4,240
36990.0,4,240
37000.0,6,2136
37020.0,4,240
37050.0,9,2378
37080.0,4,240
37100.0,6,2136
37110.0,4,240
37140.0,4,240
37150.0,6,2136
37170.0,3,242
37200.0,10,2376
37230.0,4,240
37260.0,10,2376
37290.0,3,242
37310.0,6,2136
37320.0,4,240
37350.0,4,240
37360.0,6,2136
37380.0,4,240
37410.0,9,2378
37440.0,4,240
37460.0,6,2136
37470.0,4,240
37500.0,4,240
37520.0,6,2136
37530.0,3,242
37540.0,10,913
37560.0,4,240
37570.0,6,2136
37590.0,4,240
37620.0,10,2376
37650.0,3,242
37670.0,6,2136
37680.0,4,240
37710.0,4,240
37720.0,6,2136
37740.0,4,240
37770.0,9,2378
37800.0,4,240
37830.0,10,2376
37860.0,4,240
37880.0,6,2136
37890.0,5,362
37920.0,4,240
37930.0,6,2136
37950.0,4,240
37980.0,10,2376
38010.0,5,362
38030.0,6,2136
38040.0,4,240
38070.0,4,240
38090.0,6,2136
38100.0,4,240
38130.0,5,362
38140.0,6,2136
38160.0,2,120
38190.0,10,2376
38220.0,4,240
38240.0,6,2136
38250.0,3,242
38280.0,4,240
38290.0,6,2136
38310.0,4,240
38340.0,5,592
38350.0,5,1784
38370.0,3,242
38400.0,10,2376
38430.0,4,240
38440.0,9,847
38450.0,6,2136
38460.0,4,240
38490.0,3,242
38500.0,6,2136
38520.0,4,240
38550.0,10,2376
38580.0,4,240
38600.0,6,2136
38610.0,5,362
38640.0,4,240
38660.0,6,2136
38670.0,4,240
38700.0,4,240
38710.0,6,2136
38730.0,5,362
38760.0,10,2376
38790.0,4,240
38810.0,6,2136
38820.0,4,240
38850.0,3,242
38860.0,6,2136
38880.0,4,240
38910.0,7,1305
38920.0,3,1071
38940.0,4,240
38970.0,9,2378
39000.0,4,240
39020.0,6,2136
39030.0,4,240
39060.0,6,420
39070.0,8,2256
39090.0,3,242
39120.0,4,240
39130.0,6,2136
39150.0,4,240
39180.0,10,2376
39200.0,2,180
39210.0,5,362
39230.0,6,2136
39240.0,4,240
39270.0,4,240
39280.0,6,2136
39300.0,4,240
39320.0,34,8903
39330.0,5,362
39340.0,14,2923
39360.0,4,240
39390.0,10,2376
39420.0,4,240
39440.0,6,2136
39450.0,5,362
39480.0,4,240
39490.0,6,2136
39510.0,4,240
39540.0,10,2376
39570.0,5,362
39600.0,10,2376
39610.0,2,180
39630.0,4,240
39650.0,6,2136
39660.0,4,240
39690.0,5,362
39700.0,6,2136
39720.0,4,240
39750.0,10,2376
39780.0,4,240
39800.0,6,2136
39810.0,5,362
39840.0,4,240
39860.0,6,2136
39870.0,4,240
39900.0,4,240
39910.0,6,2136
39930.0,5,362
39960.0,10,2376
39990.0,4,240
40010.0,10,2436
40020.0,2,120
40050.0,5,362
40060.0,6,2136
40080.0,4,240
40110.0,4,240
40120.0,6,2136
40140.0,4,240
40170.0,11,2498
40200.0,4,240
40220.0,6,2136
40230.0,4,240
40240.0,12,1017
40260.0,2,120
40270.0,6,2136
40290.0,5,362
40320.0,4,240
40330.0,6,2136
40350.0,4,240
40380.0,10,2376
40410.0,5,362
40430.0,6,2136
40440.0,4,240
40470.0,4,240
40480.0,6,2136
40500.0,4,240
40530.0,11,2498
40560.0,2,120
40580.0,6,2136
40590.0,4,240
40620.0,4,240
40640.0,6,2136
40650.0,3,242
40680.0,4,240
40690.0,6,2136
40710.0,4,240
40740.0,10,2376
40770.0,3,242
40790.0,6,2136
40800.0,4,240
40830.0,4,240
40850.0,6,2136
40860.0,4,240
40890.0,5,362
40900.0,6,2136
40920.0,4,240
40950.0,10,2376
40980.0,4,240
41000.0,6,2136
41010.0,5,362
41040.0,4,240
41050.0,6,2136
41070.0,4,240
41100.0,4,240
41110.0,6,2136
41130.0,5,362
41140.0,8,787
41160.0,10,2376
41190.0,4,240
41210.0,6,2136
41220.0,4,240
41250.0,5,362
41260.0,6,2136
41280.0,4,240
41310.0,10,2376
41340.0,4,240
41370.0,11,2498
41400.0,4,240
41420.0,6,2136
41430.0,4,240
41460.0,4,240
41470.0,6,2136
41490.0,5,362
41520.0,10,2376
41550.0,4,240
41570.0,6,2136
41580.0,4,240
41610.0,5,362
41630.0,6,2136
41640.0,4,240
41670.0,4,240
41680.0,6,2136
41700.0,4,240
41730.0,11,2498
41760.0,4,240
41780.0,6,2136
41790.0,4,240
41820.0,4,240
41840.0,6,2136
41850.0,3,242
41880.0,4,240
41890.0,6,2136
41910.0,4,240
41940.0,10,2376
41970.0,3,242
41990.0,6,2136
42000.0,4,240
42030.0,4,240
42040.0,16,3049
42060.0,4,240
42090.0,5,362
42100.0,6,2136
42120.0,4,240
42150.0,10,2376
42180.0,4,240
42200.0,6,2136
42210.0,5,362
42240.0,4,240
42250.0,6,2136
42270.0,4,240
42300.0,10,2376
42330.0,5,362
42360.0,8,2256
42390.0,4,240
42410.0,6,2136
42420.0,4,240
42450.0,3,242
42460.0,6,2136
42480.0,4,240
42510.0,10,2376
42540.0,4,240
42560.0,6,2136
42570.0,5,362
42600.0,4,240
42620.0,6,2136
42630.0,4,240
42660.0,4,240
42670.0,6,2136
42690.0,5,362
42720.0,10,2376
42750.0,4,240
42770.0,6,2136
42780.0,4,240
42810.0,5,362
42820.0,6,2136
42840.0,4,240
42870.0,10,2376
42900.0,4,240
42920.0,51,13406
42930.0,10,833
42940.0,10,913
42960.0,2,120
42980.0,6,2136
42990.0,4,240
43020.0,4,240
43030.0,6,2136
43050.0,3,242
43080.0,10,2376
43110.0,4,240
43130.0,6,2136
43140.0,4,240
43170.0,3,242
43190.0,6,2136
43200.0,4,240
43230.0,4,240
43240.0,6,2136
43260.0,4,240
43290.0,10,2438
43320.0,4,240
43340.0,6,2136
43350.0,6,420
43380.0,4,240
43390.0,6,2136
43410.0,8,602
43440.0,4,240
43450.0,6,2136
43470.0,4,240
43500.0,10,2376
43530.0,5,362
43550.0,6,2136
43560.0,4,240
43590.0,4,240
43600.0,6,2136
43620.0,4,240
43650.0,11,2498
43680.0,4,240
43710.0,10,2376
43740.0,4,240
43750.0,2,180
43760.0,8,2256
43770.0,3,242
43800.0,4,240
43810.0,6,2136
43830.0,4,240
43840.0,12,1047
43860.0,10,2376
43890.0,5,362
43910.0,6,2136
43920.0,4,240
43950.0,4,240
43970.0,6,2136
43980.0,4,240
44010.0,5,362
44020.0,6,2136
44040.0,4,240
44070.0,10,2376
44100.0,4,240
44120.0,6,2136
44130.0,5,362
44160.0,4,240
44170.0,5,1781
44180.0,1,355
44190.0,4,240
44220.0,4,240
44230.0,6,2136
44250.0,5,362
44280.0,10,2376
44310.0,4,240
44330.0,6,2136
44340.0,4,240
44360.0,4,300
44370.0,3,242
44380.0,6,2136
44400.0,4,240
44430.0,10,2376
44460.0,4,240
44490.0,11,2498
44520.0,4,240
44540.0,6,2136
44550.0,4,240
44580.0,4,240
44590.0,6,2136
44610.0,3,242
44640.0,10,2376
44670.0,4,240
44690.0,6,2136
44700.0,4,240
44730.0,3,242
44740.0,16,3049
44760.0,4,240
44790.0,4,240
44800.0,6,2136
44820.0,4,240
44850.0,9,2378
44880.0,4,240
44900.0,6,2136
44910.0,4,240
44940.0,4,240
44950.0,6,2136
44970.0,5,362
45000.0,10,2376
45030.0,4,240
45060.0,10,2376
45090.0,5,362
45110.0,6,2136
45120.0,2,120
45150.0,4,240
45160.0,6,2136
45180.0,4,240
45210.0,9,2378
45240.0,4,240
45260.0,1,352
45270.0,9,2024
45300.0,4,240
45320.0,6,2136
45330.0,4,302
45360.0,4,240
45370.0,6,2136
45390.0,4,240
45420.0,36,14129
45450.0,5,362
45470.0,6,2136
45480.0,4,240
45510.0,4,240
45520.0,6,2136
45540.0,4,240
45570.0,11,2498
45600.0,4,240
45620.0,6,2136
45630.0,4,240
45640.0,12,1047
45660.0,2,120
45680.0,6,2136
45690.0,5,362
45720.0,2,120
45730.0,6,2136
45750.0,4,240
45780.0,10,2376
45810.0,3,242
45830.0,6,2136
45840.0,4,240
45870.0,4,240
45880.0,6,2136
45900.0,4,240
45930.0,3,242
45940.0,6,2136
45960.0,4,240
45990.0,10,2376
46020.0,4,240
46040.0,6,2136
46050.0,5,362
46080.0,4,240
46090.0,6,2136
46110.0,4,240
46140.0,10,2376
46170.0,5,362
46200.0,10,2376
46230.0,4,240
46250.0,6,2136
46260.0,4,240
46290.0,5,362
46300.0,6,2136
46320.0,4,240
46350.0,10,2376
46380.0,4,240
46410.0,11,2498
46440.0,4,240
46460.0,6,2136
46470.0,4,240
46500.0,4,240
46510.0,6,2136
46520.0,34,8897
46530.0,5,362
46540.0,8,801
46560.0,8,2256
46590.0,4,240
46610.0,6,2136
46620.0,4,240
46650.0,5,362
46670.0,6,2136
46680.0,4,240
46710.0,4,240
46720.0,6,2136
46740.0,4,240
46770.0,11,2498
46800.0,4,240
46820.0,6,2136
46830.0,4,240
46860.0,4,240
46870.0,6,2136
46890.0,5,362
46920.0,8,1666
46930.0,2,710
46950.0,4,240
46980.0,10,2376
47010.0,5,362
47030.0,6,2136
47040.0,4,240
47070.0,4,240
47080.0,6,2136
47100.0,4,240
47130.0,11,2498
47160.0,4,240
47180.0,6,2136
47190.0,4,240
47220.0,4,240
47240.0,6,2136
47250.0,5,362
47280.0,4,240
47290.0,6,2136
47310.0,4,240
47340.0,10,2376
47370.0,5,362
47390.0,6,2136
47400.0,4,240
47430.0,4,240
47440.0,14,2923
47460.0,2,120
47490.0,11,2498
47520.0,2,120
47550.0,10,2376
47580.0,4,240
47600.0,6,2136
47610.0,3,242
47640.0,4,240
47650.0,8,2316
47660.0,2,120
47670.0,2,120
47690.0,2,180
47700.0,10,2376
47730.0,3,242
47760.0,10,2376
47790.0,4,240
47810.0,6,2136
47820.0,4,240
47850.0,5,362
47860.0,6,2136
47880.0,4,240
47910.0,10,2376
47940.0,4,240
47960.0,10,2436
47970.0,3,242
48000.0,4,240
48020.0,6,2136
48030.0,4,240
48060.0,4,240
48070.0,6,2136
48090.0,5,362
48120.0,10,2376
48150.0,4,240
48170.0,6,2136
48180.0,4,240
48210.0,5,362
48220.0,6,2136
48240.0,4,240
48270.0,10,2376
48300.0,4,240
48330.0,11,2498
48340.0,8,801
48360.0,2,120
48380.0,6,2136
48390.0,4,240
48420.0,4,240
48430.0,6,2136
48450.0,3,242
48480.0,10,2376
48490.0,4,300
48510.0,4,240
48530.0,6,2136
48540.0,4,240
48570.0,5,362
48590.0,6,2136
48600.0,4,240
48630.0,4,240
48640.0,6,2136
48660.0,4,240
48690.0,11,2498
48720.0,4,240
48740.0,6,2136
48750.0,4,240
48780.0,4,240
48800.0,6,2136
48810.0,5,362
48840.0,4,240
48850.0,6,2136
48870.0,4,240
48900.0,10,2376
48930.0,5,362
48950.0,6,2136
48960.0,4,240
48990.0,4,240
49000.0,6,2136
49020.0,4,240
49050.0,11,2498
49080.0,4,240
49100.0,1,352
49110.0,9,2024
49140.0,4,240
49160.0,6,2136
49170.0,5,362
49200.0,4,240
49210.0,6,2136
49230.0,4,240
49240.0,10,907
49260.0,8,2256
49290.0,6,422
49310.0,6,2136
49320.0,2,120
49350.0,4,240
49360.0,3,1065
49370.0,3,1071
49380.0,4,240
49410.0,6,422
49420.0,6,2136
49440.0,4,240
49470.0,10,2376
49500.0,4,240
49520.0,6,2136
49530.0,5,362
49560.0,4,240
49570.0,6,2136
49590.0,4,240
49620.0,9,2021
49630.0,1,355
49650.0,5,362
49680.0,8,2256
49710.0,4,240
49730.0,6,2136
49740.0,4,240
49770.0,3,242
49780.0,6,2136
49800.0,4,240
49830.0,10,2376
49860.0,4,240
49880.0,6,2136
49890.0,3,242
49920.0,4,240
49940.0,6,2136
49950.0,4,240
49980.0,4,240
49990.0,6,2136
50010.0,3,242
50040.0,10,2376
50070.0,4,240
50090.0,6,2136
50100.0,4,240
50120.0,34,8891
50130.0,3,242
50140.0,16,3043
50160.0,2,120
50190.0,4,240
50200.0,6,2136
50220.0,4,240
50250.0,11,2498
50280.0,4,240
50300.0,6,2136
50310.0,4,240
50340.0,4,240
50350.0,6,2136
50370.0,5,362
50400.0,10,2376
50430.0,4,240
50450.0,6,2136
50460.0,4,240
50490.0,5,362
50500.0,4,1426
50510.0,2,710
50520.0,4,240
50550.0,4,240
50560.0,6,2136
50580.0,4,240
50610.0,11,2498
50640.0,4,240
50660.0,6,2136
50670.0,4,240
50700.0,4,240
50710.0,6,2136
50730.0,5,362
50760.0,4,240
50770.0,6,2136
50790.0,4,240
50820.0,10,2376
50850.0,5,362
50870.0,6,2136
50880.0,4,240
50910.0,4,240
50920.0,6,2136
50940.0,4,240
50970.0,11,2498
51000.0,4,240
51030.0,10,2376
51040.0,10,907
51060.0,2,120
51080.0,6,2136
51090.0,5,362
51120.0,2,120
51130.0,6,2136
51150.0,4,240
51180.0,10,2376
51210.0,5,362
51230.0,6,2136
51240.0,4,240
51270.0,4,240
51290.0,6,2136
51300.0,4,240
51330.0,5,362
51340.0,6,2136
51360.0,4,240
51390.0,10,2376
51420.0,4,240
51440.0,6,2136
51450.0,5,362
51480.0,4,240
51490.0,6,2136
51510.0,4,240
51540.0,4,240
51550.0,6,2136
51570.0,5,362
51600.0,10,2376
51630.0,4,240
51650.0,6,2136
51660.0,4,240
51690.0,5,362
51700.0,6,2136
51720.0,4,240
51750.0,10,2376
51780.0,4,240
51810.0,11,2498
51840.0,4,240
51860.0,10,2436
51870.0,4,240
51900.0,4,240
51910.0,6,2136
51930.0,5,362
51940.0,8,787
51950.0,2,180
51960.0,10,2376
51990.0,4,240
52010.0,6,2136
52020.0,4,240
52050.0,5,362
52070.0,6,2136
52080.0,2,120
52110.0,4,240
52120.0,6,2136
52140.0,4,240
52170.0,9,2378
52200.0,4,240
52220.0,10,2436
52230.0,2,120
52260.0,4,240
52270.0,6,2136
52290.0,3,242
52320.0,10,2376
52350.0,4,240
52380.0,10,2376
52410.0,5,362
52430.0,6,2136
52440.0,4,240
52470.0,4,240
52480.0,6,2136
52500.0,4,240
52530.0,11,2498
52560.0,4,240
52580.0,6,2136
52590.0,4,240
52620.0,4,240
52640.0,6,2136
52650.0,5,362
52680.0,2,120
52690.0,6,2136
52710.0,4,240
52740.0,10,2376
52770.0,3,242
52800.0,10,2376
52810.0,4,300
52830.0,2,120
52840.0,12,1033
52850.0,6,2136
52860.0,2,120
52890.0,5,362
52900.0,6,2136
52920.0,2,120
52950.0,10,2376
52980.0,4,240
53000.0,6,2136
53010.0,3,242
53040.0,4,240
53050.0,6,2136
53070.0,4,240
53100.0,10,2376
53130.0,3,242
53150.0,6,2136
53160.0,4,240
53190.0,4,240
53210.0,6,2136
53220.0,4,240
53250.0,3,242
53260.0,6,2136
53280.0,4,240
53310.0,10,2376
53340.0,4,240
53360.0,6,2136
53370.0,3,242
53400.0,4,240
53410.0,6,2136
53430.0,4,240
53460.0,5,592
53470.0,5,1784
53490.0,3,242
53520.0,10,2376
53550.0,4,240
53570.0,6,2136
53580.0,4,240
53610.0,5,362
53620.0,6,2136
53640.0,4,240
53670.0,10,2376
53700.0,4,240
53720.0,33,8843
53730.0,11,2498
53740.0,10,913
53760.0,2,120
53780.0,6,2136
53790.0,4,240
53820.0,4,240
53830.0,6,2136
53850.0,3,242
53880.0,10,2376
53910.0,4,240
53930.0,6,2136
53940.0,4,240
53970.0,3,242
53980.0,6,2136
54000.0,4,240
54030.0,4,240
54040.0,6,2136
54060.0,4,240
54090.0,9,2378
54120.0,4,240
54140.0,6,2136
54150.0,4,240
54180.0,4,240
54190.0,6,2136
54210.0,6,422
54240.0,10,2376
54270.0,4,240
54300.0,10,2376
54330.0,6,422
54350.0,6,2136
54360.0,4,240
54390.0,4,240
54400.0,6,2136
54420.0,4,240
54450.0,5,362
54460.0,6,2136
54480.0,4,240
54510.0,10,2376
54540.0,4,240
54560.0,6,2136
54570.0,5,362
54600.0,4,240
54610.0,6,2136
54630.0,4,240
54640.0,12,1033
54660.0,8,2256
54690.0,5,362
54710.0,2,704
54720.0,8,1672
54750.0,4,240
54770.0,6,2136
54780.0,4,240
54810.0,5,362
54820.0,6,2136
54840.0,4,240
54870.0,10,2376
54900.0,4,240
54920.0,6,2136
54930.0,5,362
54960.0,4,240
54970.0,6,2136
54990.0,4,240
55020.0,4,240
55030.0,6,2136
55050.0,6,422
55080.0,8,2256
55110.0,4,240
55130.0,6,2136
55140.0,4,240
55170.0,5,362
55180.0,6,2136
55200.0,4,240
55230.0,4,240
55240.0,6,2136
55260.0,4,240
55290.0,9,2378
55320.0,4,240
55340.0,6,2136
55350.0,4,240
55380.0,4,240
55390.0,6,2136
55410.0,5,362
55440.0,10,2376
55470.0,4,240
55500.0,10,2376
55530.0,5,362
55540.0,9,831
55550.0,6,2136
55560.0,4,240
55590.0,4,240
55600.0,6,2136
55620.0,4,240
55650.0,11,2498
55680.0,4,240
55700.0,6,2136
55710.0,4,240
55740.0,4,240
55760.0,6,2136
55770.0,3,242
55800.0,4,240
55810.0,6,2136
55830.0,4,240
55860.0,10,2376
55890.0,5,362
55910.0,6,2136
55920.0,4,240
55950.0,4,240
55960.0,5,1781
55970.0,1,355
55980.0,4,240
56010.0,5,362
56020.0,6,2136
56040.0,4,240
56070.0,10,2376
56100.0,4,240
56120.0,6,2136
56130.0,5,362
56160.0,4,240
56170.0,6,2136
56180.0,4,300
56190.0,2,120
56220.0,4,240
56230.0,6,2136
56240.0,2,180
56250.0,5,362
56280.0,10,2376
56310.0,4,240
56330.0,6,2136
56340.0,4,240
56370.0,5,362
56380.0,6,2136
56400.0,4,240
56430.0,10,2376
56440.0,12,1033
56460.0,2,120
56470.0,4,300
56480.0,6,2136
56490.0,4,302
56520.0,4,240
56540.0,6,2136
56550.0,4,240
56580.0,4,240
56590.0,6,2136
56610.0,6,422
56640.0,10,2376
56670.0,4,240
56690.0,6,2136
56700.0,4,240
56730.0,5,362
56740.0,6,2136
56760.0,4,240
56790.0,10,2376
56820.0,4,240
56850.0,11,2498
56880.0,2,120
56900.0,6,2136
56910.0,4,240
56940.0,4,240
56950.0,6,2136
56970.0,5,362
57000.0,4,240
57010.0,6,2136
57030.0,4,240
57060.0,10,2376
57090.0,5,362
57110.0,6,2136
57120.0,6,420
57150.0,4,240
57160.0,6,2136
57180.0,4,240
57210.0,9,2378
57240.0,4,240
57270.0,10,2376
57300.0,4,240
57320.0,39,10973
57330.0,3,242
57340.0,11,951
57360.0,2,120
57370.0,6,2136
57390.0,4,240
57420.0,10,2376
57450.0,3,242
57480.0,10,2376
57510.0,4,240
57530.0,6,2136
57540.0,4,240
57570.0,5,362
57580.0,6,2136
57600.0,4,240
57630.0,10,2376
57660.0,4,240
57680.0,6,2136
57690.0,5,362
57720.0,4,240
57730.0,6,2136
57750.0,4,240
57780.0,4,240
57790.0,6,2136
57810.0,5,362
57840.0,10,2376
57870.0,4,240
57890.0,6,2136
57900.0,4,240
57930.0,5,362
57940.0,6,2136
57960.0,4,240
57990.0,4,240
58000.0,6,2136
58020.0,4,240
58050.0,11,2498
58080.0,2,120
58100.0,6,2136
58110.0,4,240
58140.0,4,240
58150.0,6,2136
58170.0,4,302
58200.0,10,2376
58230.0,4,240
58240.0,12,1033
58260.0,8,2256
58290.0,6,422
58310.0,6,2136
58320.0,4,240
58350.0,4,240
58360.0,6,2136
58380.0,4,240
58410.0,11,2498
58440.0,4,240
58470.0,10,2376
58500.0,4,240
58520.0,6,2136
58530.0,5,362
58560.0,4,240
58570.0,6,2136
58590.0,4,240
58620.0,10,2376
58650.0,5,362
58670.0,6,2136
58680.0,4,240
58710.0,4,240
58730.0,6,2136
58740.0,4,240
58770.0,5,362
58780.0,6,2136
58800.0,4,240
58830.0,10,2376
58860.0,4,240
58880.0,6,2136
58890.0,5,362
58920.0,4,240
58930.0,6,2136
58950.0,4,240
58980.0,4,240
58990.0,6,2136
59010.0,5,362
59040.0,10,2376
59070.0,4,240
59090.0,6,2136
59100.0,4,240
59130.0,5,362
59140.0,16,3049
59160.0,4,240
59190.0,10,2376
59220.0,4,240
59240.0,6,2136
59250.0,5,362
59280.0,4,240
59300.0,6,2136
59310.0,4,240
59340.0,4,240
59350.0,6,2136
59370.0,5,362
59400.0,10,2376
59430.0,4,240
59450.0,6,2136
59460.0,4,240
59490.0,5,362
59510.0,6,2136
59520.0,4,240
59550.0,4,240
59560.0,6,2136
59580.0,4,240
59610.0,11,2498
59640.0,4,240
59660.0,6,2136
59670.0,4,240
59700.0,4,240
59710.0,6,2136
59730.0,5,362
59760.0,4,240
59770.0,6,2136
59790.0,4,240
59820.0,10,2376
59850.0,5,362
59870.0,6,2136
59880.0,4,240
59910.0,4,240
59920.0,6,2136
59940.0,4,240
59970.0,11,2498
60000.0,4,240
60020.0,6,2136
60030.0,4,240
60040.0,10,913
60060.0,2,120
60080.0,6,2136
60090.0,5,362
60120.0,4,240
60130.0,6,2136
60150.0,4,240
60180.0,10,2376
60210.0,5,362
60230.0,6,2136
60240.0,4,240
60270.0,4,240
60280.0,8,2316
60290.0,2,120
60300.0,2,120
60330.0,11,2498
60360.0,4,240
60380.0,6,2136
60390.0,4,240
60420.0,4,240
60440.0,6,2136
60450.0,5,362
60480.0,2,120
60490.0,6,2136
60510.0,4,240
60540.0,12,2556
60550.0,2,120
60570.0,3,242
60590.0,6,2136
60600.0,4,240
60630.0,4,240
60640.0,6,2136
60660.0,4,240
60690.0,3,242
60700.0,6,2136
60720.0,4,240
60750.0,10,2376
60780.0,4,240
60790.0,2,180
60800.0,8,2256
60810.0,5,362
60840.0,4,240
60850.0,6,2136
60870.0,4,240
60900.0,10,2376
60920.0,34,8909
60930.0,5,362
60940.0,8,787
60950.0,6,2136
60960.0,4,240
60990.0,4,240
61000.0,6,2136
61020.0,4,240
61050.0,5,362
61060.0,6,2136
61080.0,4,240
61110.0,10,2376
61140.0,4,240
61160.0,6,2136
61170.0,5,362
61200.0,4,240
61210.0,6,2136
61230.0,4,240
61260.0,10,2376
61290.0,5,362
61320.0,10,2376
61350.0,4,240
61370.0,6,2136
61380.0,6,420
61410.0,5,362
61420.0,6,2136
61440.0,4,240
61470.0,10,2376
61500.0,4,240
61530.0,11,2498
61560.0,4,240
61580.0,6,2136
61590.0,4,240
61620.0,4,240
61630.0,6,2136
61650.0,5,362
61680.0,4,240
61690.0,6,2136
61710.0,4,240
61740.0,10,2376
61770.0,3,242
61790.0,6,2136
61800.0,4,240
61830.0,4,240
61840.0,16,3033
61860.0,4,240
61890.0,9,2378
61920.0,4,240
61950.0,10,2376
61980.0,4,240
62000.0,6,2136
62010.0,3,242
62040.0,4,240
62050.0,6,2136
62070.0,4,240
62100.0,10,2376
62130.0,3,242
62150.0,6,2136
62160.0,4,240
62190.0,4,240
62210.0,6,2136
62220.0,4,240
62250.0,5,362
62260.0,6,2136
62280.0,4,240
62310.0,10,2376
62340.0,4,240
62360.0,6,2136
62370.0,5,362
62400.0,4,240
62410.0,6,2136
62430.0,4,240
62460.0,4,240
62470.0,6,2136
62490.0,5,362
62520.0,8,2256
62550.0,4,240
62570.0,6,2136
62580.0,4,240
62610.0,5,362
62620.0,6,2136
62640.0,4,240
62670.0,10,2376
62700.0,4,240
62720.0,6,2136
62730.0,5,362
62740.0,8,785
62760.0,4,240
62780.0,6,2136
62790.0,4,240
62820.0,4,240
62830.0,6,2136
62850.0,5,362
62880.0,10,2376
62910.0,4,240
62930.0,6,2136
62940.0,4,240
62970.0,3,242
62980.0,6,2136
63000.0,4,240
63030.0,4,240
63040.0,6,2136
63060.0,4,240
63090.0,10,2438
63120.0,4,240
63140.0,6,2136
63150.0,4,240
63180.0,4,240
63190.0,6,2136
63210.0,6,422
63240.0,10,2376
63270.0,4,240
63300.0,10,2376
63330.0,5,362
63350.0,6,2136
63360.0,4,240
63390.0,4,240
63400.0,6,2136
63420.0,4,240
63450.0,11,2498
63480.0,2,120
63500.0,6,2136
63510.0,4,240
63540.0,4,240
63560.0,6,2136
63570.0,5,362
63600.0,4,240
63610.0,6,2136
63630.0,4,240
63640.0,8,785
63660.0,10,2376
63690.0,5,362
63710.0,6,2136
63720.0,4,240
63750.0,4,240
63760.0,6,2136
63780.0,4,240
63810.0,5,362
63820.0,6,2136
63840.0,4,240
63870.0,10,2376
63900.0,4,240
63920.0,6,2136
63930.0,5,362
63960.0,4,240
63970.0,6,2136
63990.0,4,240
64020.0,10,2376
64050.0,5,362
64080.0,10,2376
64110.0,4,240
64130.0,6,2136
64140.0,4,240
64170.0,3,242
64180.0,6,2136
64200.0,4,240
64230.0,10,2376
64260.0,4,240
64280.0,3,1065
64290.0,6,1313
64320.0,4,240
64340.0,6,2136
64350.0,4,240
64380.0,4,240
64390.0,6,2136
64410.0,5,362
64440.0,10,2376
64470.0,4,240
64490.0,6,2136
64500.0,4,240
64520.0,34,8909
64530.0,5,362
64540.0,12,1077
64550.0,6,2136
64560.0,4,240
64590.0,4,240
64600.0,6,2136
64620.0,4,240
64650.0,11,2498
64680.0,4,240
64700.0,6,2136
64710.0,4,240
64740.0,4,240
64760.0,6,2136
64770.0,5,362
64800.0,6,420
64810.0,6,2136
64830.0,4,240
64860.0,10,2376
64890.0,5,362
64910.0,6,2136
64920.0,4,240
64950.0,4,240
64960.0,6,2136
64980.0,4,240
65010.0,11,2498
65040.0,6,420
65070.0,10,2376
65100.0,4,240
65120.0,6,2136
65130.0,5,362
65160.0,4,240
65170.0,6,2136
65190.0,4,240
65220.0,4,240
65230.0,6,2136
65250.0,5,362
65280.0,8,2256
65310.0,4,240
65330.0,6,2136
65340.0,4,240
65370.0,5,362
65380.0,6,2136
65400.0,4,240
65430.0,10,2376
65440.0,11,967
65460.0,2,120
65490.0,11,2498
65520.0,4,240
65540.0,6,2136
65550.0,4,240
65580.0,5,330
65590.0,6,2136
65610.0,3,242
65640.0,10,2376
65670.0,4,240
65690.0,6,2136
65700.0,4,240
65730.0,3,242
65740.0,6,2136
65760.0,4,240
65790.0,4,240
65800.0,6,2136
65820.0,4,240
65850.0,9,2378
65880.0,4,240
65900.0,6,2136
65910.0,4,240
65940.0,4,240
65950.0,6,2136
65970.0,3,242
66000.0,10,2376
66030.0,4,240
66060.0,10,2376
66090.0,4,302
66110.0,6,2136
66120.0,4,240
66130.0,4,300
66150.0,2,120
66160.0,6,2136
66180.0,4,240
66210.0,13,2618
66240.0,2,120
66270.0,10,2376
66300.0,4,240
66320.0,6,2136
66330.0,3,242
66340.0,10,907
66360.0,2,120
66370.0,6,2136
66390.0,4,240
66420.0,10,2376
66450.0,3,242
66470.0,6,2136
66480.0,4,240
66510.0,4,240
66520.0,6,2136
66540.0,4,240
66570.0,7,1066
66580.0,4,1432
66600.0,4,240
66630.0,10,2376
66660.0,4,240
66680.0,6,2136
66690.0,5,362
66720.0,4,240
66730.0,6,2136
66750.0,4,240
66780.0,10,2376
66810.0,5,362
66830.0,5,1781
66840.0,5,595
66870.0,4,240
66890.0,6,2136
66900.0,4,240
66930.0,5,362
66940.0,6,2136
66960.0,4,240
66990.0,10,2376
67020.0,4,240
67050.0,11,2498
67080.0,4,240
67100.0,6,2136
67110.0,4,240
67140.0,4,240
67150.0,6,2136
67170.0,5,362
67200.0,10,2376
67230.0,4,240
67240.0,10,907
67260.0,8,2256
67290.0,5,362
67310.0,6,2136
67320.0,4,240
67350.0,4,240
67360.0,6,2136
67380.0,4,240
67410.0,9,2378
67440.0,4,240
67460.0,6,2136
67470.0,4,240
67500.0,4,240
67510.0,6,2136
67530.0,3,242
67560.0,4,240
67570.0,6,2136
67590.0,4,240
67620.0,10,2376
67650.0,3,242
67670.0,6,2136
67680.0,4,240
67710.0,4,240
67720.0,6,2136
67740.0,4,240
67770.0,11,2498
67800.0,4,240
67820.0,6,2136
67830.0,4,240
67860.0,4,240
67880.0,6,2136
67890.0,5,362
67920.0,4,240
67930.0,6,2136
67950.0,4,240
67980.0,10,2376
68010.0,3,242
68040.0,10,2376
68070.0,4,240
68090.0,6,2136
68100.0,4,240
68120.0,35,8963
68130.0,3,242
68140.0,16,3049
68160.0,4,240
68190.0,10,2376
68220.0,4,240
68240.0,6,2136
68250.0,3,242
68280.0,4,240
68300.0,6,2136
68310.0,4,240
68340.0,4,240
68350.0,6,2136
68370.0,5,362
68400.0,10,2376
68430.0,4,240
68450.0,6,2136
68460.0,4,240
68490.0,5,362
68500.0,2,704
68510.0,4,1432
68520.0,4,240
68550.0,4,240
68560.0,6,2136
68580.0,4,240
68610.0,9,2378
68640.0,4,240
68660.0,6,2136
68670.0,4,240
68700.0,4,240
68710.0,6,2136
68730.0,3,242
68750.0,4,300
68760.0,8,2256
68790.0,4,240
68820.0,10,2376
68850.0,3,242
68870.0,6,2136
68880.0,4,240
68910.0,4,240
68920.0,6,2136
68940.0,4,240
68970.0,11,2498
68980.0,2,180
69000.0,4,240
69020.0,6,2136
69030.0,4,240
69040.0,10,907
69060.0,2,120
69080.0,6,2136
69090.0,5,362
69120.0,4,240
69130.0,6,2136
69150.0,4,240
69180.0,10,2376
69210.0,5,362
69230.0,8,2316
69240.0,4,240
69270.0,4,240
69280.0,6,2136
69300.0,4,240
69330.0,11,2498
69360.0,4,240
69390.0,10,2376
69420.0,4,240
69440.0,6,2136
69450.0,3,242
69480.0,4,240
69490.0,6,2136
69510.0,4,240
69540.0,10,2376
69570.0,5,362
69600.0,10,2376
69630.0,4,240
69650.0,6,2136
69660.0,4,240
69690.0,5,362
69700.0,6,2136
69720.0,2,120
69750.0,10,2376
69780.0,4,240
69800.0,6,2136
69810.0,3,242
69840.0,4,240
69850.0,6,2136
69870.0,4,240
69900.0,10,2376
69930.0,5,362
69940.0,9,847
69960.0,10,2376
69990.0,4,240
70010.0,6,2136
70020.0,4,240
70050.0,5,362
70060.0,6,2136
70080.0,4,240
70110.0,10,2376
70140.0,4,240
70170.0,11,2498
70200.0,4,240
70220.0,6,2136
70230.0,4,240
70260.0,4,240
70270.0,6,2136
70280.0,2,180
70290.0,5,362
70320.0,10,2376
70350.0,4,240
70380.0,10,2376
70410.0,5,362
70430.0,6,2136
70440.0,2,120
70470.0,4,240
70480.0,6,2136
70500.0,4,240
70530.0,9,2378
70560.0,4,240
70580.0,6,2136
70590.0,4,240
70620.0,4,240
70640.0,6,2136
70650.0,3,242
70680.0,4,240
70690.0,6,2136
70710.0,4,240
70740.0,10,2376
70770.0,3,242
70790.0,6,2136
70800.0,4,240
70830.0,4,240
70840.0,16,3041
70860.0,2,120
70890.0,5,362
70900.0,6,2136
70920.0,2,120
70950.0,10,2376
70980.0,4,240
71000.0,6,2136
71010.0,3,242
71040.0,4,240
71050.0,6,2136
71070.0,4,240
71100.0,4,240
71110.0,6,2136
71130.0,3,242
71160.0,10,2376
71190.0,4,240
71210.0,6,2136
71220.0,4,240
71250.0,3,242
71260.0,6,2136
71280.0,4,240
71310.0,10,2376
71340.0,4,240
71360.0,2,704
71370.0,7,1674
71400.0,4,240
71420.0,6,2136
71430.0,4,240
71460.0,4,240
71470.0,6,2136
71490.0,3,242
71520.0,10,2376
71550.0,4,240
71580.0,10,2376
71610.0,5,362
71630.0,6,2136
71640.0,4,240
71670.0,4,240
71680.0,6,2136
71700.0,6,924
71720.0,84,26022
71730.0,46,11533
71740.0,8,787
71760.0,4,240
71780.0,6,2136
71790.0,4,240
71820.0,4,240
71840.0,6,2136
71850.0,5,362
71880.0,4,240
71890.0,6,2136
71910.0,4,240
71940.0,10,2376
71970.0,5,362
71990.0,6,2136
72000.0,4,240
72030.0,4,240
72040.0,6,2136
72060.0,4,240
72090.0,5,362
72100.0,6,2136
72120.0,4,240
72150.0,10,2376
72180.0,4,240
72200.0,6,2136
72210.0,5,362
72240.0,2,120
72250.0,6,2136
72270.0,4,240
72300.0,10,2376
72330.0,3,242
72350.0,6,2136
72360.0,4,240
72390.0,4,240
72410.0,6,2136
72420.0,4,240
72450.0,3,242
72460.0,6,2136
72480.0,4,240
72510.0,10,2376
72540.0,4,240
72560.0,6,2136
72570.0,5,362
72600.0,4,240
72620.0,6,2136
72630.0,4,240
72640.0,12,1047
72660.0,2,120
72670.0,6,2136
72690.0,6,422
72720.0,10,2376
72750.0,4,240
72770.0,6,2136
72780.0,4,240
72810.0,7,482
72820.0,6,2136
72840.0,4,240
72870.0,4,240
72880.0,6,2136
72900.0,4,240
72930.0,11,2498
72960.0,6,420
72980.0,6,2136
72990.0,4,240
73020.0,4,240
73030.0,6,2136
73050.0,3,242
73080.0,10,2376
73110.0,4,240
73140.0,10,2376
73170.0,5,422
73190.0,6,2136
73200.0,4,240
73230.0,4,240
73240.0,6,2136
73260.0,4,240
73290.0,3,242
73300.0,6,2136
73320.0,4,240
73350.0,10,2376
73380.0,4,240
73400.0,6,2136
73410.0,3,242
73440.0,4,240
73450.0,6,2136
73470.0,4,240
73480.0,4,300
73500.0,8,2256
73530.0,5,362
73540.0,8,801
73560.0,8,2256
73590.0,4,240
73610.0,6,2136
73620.0,4,240
73650.0,3,242
73660.0,6,2136
73680.0,4,240
73710.0,10,2376
73740.0,4,240
73760.0,6,2136
73770.0,3,242
73800.0,4,240
73810.0,6,2136
73830.0,4,240
73860.0,4,240
73870.0,6,2136
73890.0,3,242
73920.0,10,2376
73950.0,4,240
73970.0,6,2136
73980.0,4,240
74010.0,3,242
74020.0,6,2136
74040.0,4,240
74070.0,10,2376
74100.0,4,240
74130.0,9,2378
74160.0,4,240
74180.0,6,2136
74190.0,4,240
74220.0,4,240
74230.0,6,2136
74250.0,3,242
74280.0,10,2376
74310.0,4,240
74340.0,10,2376
74370.0,5,362
74390.0,6,2136
74400.0,4,240
74430.0,4,240
74440.0,16,3057
74460.0,2,120
74490.0,11,2498
74520.0,4,240
74540.0,6,2136
74550.0,6,420
74580.0,4,240
74590.0,1,352
74600.0,5,1784
74610.0,5,362
74640.0,2,120
74650.0,6,2136
74670.0,4,240
74700.0,10,2376
74730.0,3,242
74750.0,6,2136
74760.0,4,240
74790.0,4,240
74800.0,6,2136
74820.0,4,240
74850.0,4,302
74860.0,6,2136
74880.0,4,240
74910.0,10,2376
74940.0,4,240
74960.0,6,2136
74970.0,4,302
75000.0,4,240
75010.0,6,2136
75030.0,4,240
75060.0,10,2376
75090.0,3,242
75110.0,6,2136
75120.0,4,240
75150.0,4,240
75160.0,2,704
75170.0,4,1432
75180.0,4,240
75210.0,5,362
75220.0,6,2136
75240.0,4,240
75270.0,10,2376
75300.0,4,240
75320.0,39,10971
75330.0,5,362
75340.0,10,913
75360.0,2,120
75370.0,6,2136
75390.0,4,240
75420.0,4,240
75430.0,6,2136
75450.0,3,242
75480.0,10,2376
75510.0,4,240
75530.0,6,2136
75540.0,4,240
75570.0,5,362
75580.0,6,2136
75600.0,4,240
75630.0,10,2376
75660.0,4,240
75680.0,6,2136
75690.0,5,362
75720.0,4,240
75730.0,6,2136
75750.0,4,240
75780.0,10,2376
75810.0,5,362
75840.0,8,2256
75870.0,4,240
75890.0,6,2136
75900.0,4,240
75930.0,3,242
75940.0,6,2136
75960.0,4,240
75990.0,4,240
76000.0,6,2136
76020.0,4,240
76050.0,9,2378
76080.0,4,240
76100.0,6,2136
76110.0,4,240
76140.0,4,240
76150.0,6,2136
76170.0,3,242
76200.0,10,2376
76230.0,4,240
76240.0,8,787
76260.0,10,2376
76290.0,3,242
76310.0,6,2136
76320.0,4,240
76340.0,48,17027
76350.0,21,2642
76360.0,6,2136
76380.0,4,240
76410.0,11,2498
76440.0,4,240
76460.0,6,2136
76470.0,6,360
76500.0,4,240
76520.0,6,2136
76530.0,3,242
76560.0,4,240
76570.0,6,2136
76590.0,4,240
76620.0,10,2376
76650.0,5,362
76670.0,6,2136
76680.0,4,240
76710.0,4,240
76720.0,6,2136
76740.0,4,240
76770.0,5,362
76780.0,6,2136
76800.0,4,240
76830.0,10,2376
76860.0,4,240
76880.0,6,2136
76890.0,5,362
76920.0,4,240
76930.0,6,2136
76950.0,4,240
76980.0,10,2376
77010.0,5,362
77030.0,6,2136
77040.0,4,240
77070.0,4,240
77080.0,6,2136
77100.0,4,240
77130.0,11,2498
77140.0,8,801
77160.0,2,120
77190.0,10,2376
77220.0,4,240
77230.0,2,180
77240.0,8,2256
77250.0,3,242
77280.0,4,240
77290.0,6,2136
77310.0,4,240
77340.0,4,240
77350.0,6,2136
77370.0,5,362
77400.0,10,2376
77430.0,4,240
77450.0,10,2436
77460.0,4,240
77490.0,5,362
77500.0,6,2136
77520.0,4,240
77550.0,10,2376
77580.0,4,240
77610.0,11,2498
77640.0,4,240
77660.0,6,2136
77670.0,4,240
77700.0,4,240
77710.0,6,2136
77730.0,5,362
77760.0,12,2556
77790.0,4,240
77820.0,10,2376
77850.0,5,362
77870.0,6,2136
77880.0,4,240
77910.0,4,240
77920.0,6,2136
77940.0,4,240
77970.0,11,2498
78000.0,4,240
78020.0,6,2136
78030.0,4,240
78040.0,8,787
78050.0,2,120
78060.0,2,120
78070.0,6,2136
78090.0,5,362
78120.0,4,240
78130.0,6,2136
78150.0,4,240
78180.0,10,2376
78210.0,5,362
78230.0,6,2136
78240.0,4,240
78270.0,4,240
78280.0,6,2136
78300.0,4,240
78330.0,5,362
78340.0,6,2136
78360.0,4,240
78390.0,10,2376
78420.0,4,240
78440.0,6,2136
78450.0,5,362
78480.0,4,240
78490.0,6,2136
78510.0,4,240
78540.0,4,240
78550.0,6,2136
78570.0,5,362
78600.0,10,2376
78630.0,4,240
78650.0,6,2136
78660.0,4,240
78690.0,5,362
78700.0,8,2316
78720.0,4,240
78750.0,10,2376
78780.0,4,240
78810.0,11,2498
78840.0,4,240
